author,commits,fixes,bugs,sign-off,test,review,report
Linus Torvalds,29309,46,11,52740,20,1,248
Takashi Iwai,7481,275,124,13433,61,235,35
Mark Brown,7407,12,0,25621,35,209,35
Arnd Bergmann,7132,1680,65,7187,17,513,278
Al Viro,6760,22,9,8860,1,2,158
Ingo Molnar,5825,2,0,25773,55,397,395
Christoph Hellwig,5551,120,45,7597,15,3404,203
Chris Wilson,5471,880,673,6756,70,2665,62
Thomas Gleixner,5100,180,74,11910,20,752,78
Russell King,5014,122,31,9879,80,8,244
Johannes Berg,4483,164,49,7331,18,503,218
Geert Uytterhoeven,4303,480,0,5513,178,1371,283
Tejun Heo,4212,98,68,6029,4,92,28
Hans Verkuil,4103,28,15,7982,43,197,54
Dan Carpenter,3797,1164,9,3844,1,375,1359
Eric Dumazet,3740,734,276,4086,34,217,151
Kuninori Morimoto,3577,30,5,3637,44,3,18
Olof Johansson,3564,21,0,4345,39,22,50
Dave Airlie,3546,9,0,5835,12,95,23
Alex Deucher,3478,29,1,15279,4,3915,2
Linus Walleij,3408,113,71,9546,184,798,5
Daniel Vetter,3351,80,30,11101,8,1626,30
Trond Myklebust,3290,175,60,6003,0,8,14
Joe Perches,3125,11,2,3153,0,4,106
Ben Skeggs,3121,6,1,4431,3,25,1
Axel Lin,2933,37,2,2947,0,35,13
Peter Zijlstra,2732,193,106,6111,18,38,142
David Howells,2484,185,164,2962,11,77,31
Andy Shevchenko,2334,147,58,3066,53,1108,23
Bjorn Helgaas,2320,46,13,4634,3,42,20
Wolfram Sang,2269,46,8,4680,191,313,25
Julia Lawall,2226,29,0,2296,0,5,107
Tony Lindgren,2183,114,70,6097,241,49,62
Johan Hovold,2154,425,24,2639,2,276,45
Fabio Estevam,2136,49,2,2173,85,531,32
Randy Dunlap,2111,103,2,2347,101,61,487
Jens Axboe,2090,142,66,9528,19,78,40
Thierry Reding,2089,50,12,4201,126,367,22
Masahiro Yamada,2083,106,68,2530,1,61,26
Stephen Hemminger,1976,38,21,2638,4,47,32
Andi Kleen,1965,17,9,3146,13,125,72
Viresh Kumar,1949,63,32,2170,32,483,20
Wei Yongjun,1940,316,1,1999,5,3,9
Adrian Bunk,1927,0,0,2469,3,0,68
Jiri Olsa,1905,66,21,2117,75,189,44
Guenter Roeck,1891,198,26,3926,210,1260,193
Jean Delvare,1872,40,2,2790,25,329,37
Florian Fainelli,1856,390,189,2360,84,1032,20
Dmitry Torokhov,1855,43,14,5594,8,89,46
Andrew Morton,1794,23,0,49109,7,679,111
Herbert Xu,1770,109,56,7810,1,0,9
Benjamin Herrenschmidt,1738,29,12,4817,16,14,36
Stephen Boyd,1715,83,28,3384,46,579,34
Ben Dooks,1713,5,0,2354,4,2,8
Dan Williams,1709,143,104,2715,41,91,30
Kees Cook,1616,84,38,2035,44,511,38
Chuck Lever,1615,110,81,1632,26,131,23
Jan Kara,1604,38,12,2338,6,753,25
Felipe Balbi,1581,16,11,6178,63,262,26
Michael Ellerman,1574,172,20,6911,30,12,64
Maxime Ripard,1529,94,44,3719,30,62,6
Peter Ujfalusi,1521,35,15,1559,61,51,17
Borislav Petkov,1519,33,12,2952,100,509,85
Krzysztof Kozlowski,1504,94,15,2146,83,608,42
Tomi Valkeinen,1496,12,0,3093,12,143,16
Joerg Roedel,1495,62,32,2903,64,44,9
Jeff Layton,1457,18,6,1563,6,505,21
Ian Abbott,1444,22,1,1473,2,3443,10
Marc Zyngier,1430,76,31,2521,53,299,26
Will Deacon,1417,64,17,3470,114,240,55
Jiri Slaby,1386,24,4,1429,13,10,57
Larry Finger,1377,36,14,1741,85,8,37
Alexandre Belloni,1363,37,8,2617,24,48,10
Jes Sorensen,1358,4,0,1406,2,4,10
Adrian Hunter,1304,69,28,1374,4,16,21
Rob Herring,1300,58,32,2456,3,2166,44
David Woodhouse,1298,5,1,3707,5,23,7
Alan Stern,1297,13,9,1359,9,22,39
Len Brown,1294,5,2,4056,4,28,5
Jani Nikula,1291,75,30,2672,20,739,7
Jiri Pirko,1277,103,54,2210,4,247,16
Felix Fietkau,1273,49,13,1887,5,0,14
Alexey Dobriyan,1270,7,1,1363,8,12,13
Boris Brezillon,1244,116,56,1921,8,354,3
Dave Chinner,1237,5,1,2155,15,1152,32
Daniel Borkmann,1233,340,58,3235,11,11,34
Antti Palosaari,1206,4,4,1371,62,145,8
Jakub Kicinski,1201,155,44,1553,12,453,29
Emmanuel Grumbach,1197,84,31,2392,4,329,14
Malcolm Priestley,1193,1,1,1194,2,0,2
Johan Hedberg,1177,0,0,2255,5,0,0
Chris Mason,1169,4,1,3244,12,12,20
Paul Gortmaker,1162,12,3,1498,23,34,47
Florian Westphal,1157,204,41,1196,6,28,25
Alex Elder,1153,0,0,1538,3,724,13
Steve French,1151,7,2,2687,1,3,2
Marcel Holtmann,1139,4,1,4060,28,25,21
Ard Biesheuvel,1129,102,55,1318,93,191,23
Lee Jones,1127,6,1,3518,12,1,10
Josef Bacik,1116,31,16,1795,5,355,11
Guennadi Liakhovetski,1115,2,0,1541,30,20,34
Philipp Zabel,1115,38,11,1652,69,181,3
Matthew Wilcox,1114,28,16,1315,1,169,15
Michael Chan,1079,70,57,1581,1,291,2
Masami Hiramatsu,1078,65,41,1106,72,200,15
Jaegeuk Kim,1050,19,1,2567,2,14,2
Miklos Szeredi,1038,89,41,1637,3,47,12
David Sterba,1029,18,5,3415,26,1346,28
Vinod Koul,1019,17,3,4065,22,123,8
Simon Ho,1018,25,6,1,0,0,0
Stephen Rothwell,1017,42,0,1108,22,18,756
Simon Horman,1013,25,6,5764,114,1202,28
Bob Moore,981,3,1,1407,0,0,0
Michal Simek,975,9,5,1448,76,34,10
Sascha Hauer,975,12,3,1994,26,55,10
Eric Biggers,971,208,22,993,18,37,58
David Brown,970,0,0,246,6,1,1
Roland Dreier,949,4,0,3717,7,8,31
Thomas Petazzoni,941,70,21,1025,68,103,13
Martin Schwidefsky,939,26,11,5006,2,68,7
Aaro Koskinen,937,30,1,963,130,13,50
Tomas Winkler,937,10,4,1482,1,15,1
Paolo Bonzini,936,26,2,3435,5,193,11
Artem Bityutskiy,931,0,0,2523,20,5,9
Anton Blanchard,921,22,5,1022,13,0,40
Akinobu Mita,912,12,4,914,8,29,10
Marek Szyprowski,901,65,12,1160,169,35,57
Heiner Kallweit,898,83,55,915,5,19,17
Chao Yu,897,37,17,938,1,722,3
Greg Ungerer,895,0,0,1147,10,11,5
Christoph Lameter,895,5,1,936,4,165,7
Arvind Yadav,879,6,0,879,0,0,0
Paul Burton,876,114,34,1473,1,91,1
Andrew Lunn,849,76,40,1000,150,1227,31
Ulf Hansson,844,43,18,3952,4,275,8
Rex Zhu,837,0,0,859,1,138,0
Jiri Kosina,822,33,1,4883,33,20,13
Stefan Richter,821,1,1,1215,2,6,21
Nicolas Pitre,810,7,3,1100,24,83,4
Fabian Frederick,809,4,0,809,0,0,4
Takashi Sakamoto,808,84,64,808,13,153,3
Lorenzo Bianconi,802,142,35,816,3,6,3
Maarten Lankhorst,795,58,20,970,8,769,32
Ido Schimmel,794,179,79,1413,25,478,26
Kalle Valo,794,6,1,7725,19,34,21
Catalin Marinas,770,44,15,2175,41,439,27
Brian Norris,759,75,9,1953,46,120,23
Grant Likely,741,0,0,1812,28,80,7
Christophe Leroy,739,137,47,863,10,49,12
Mika Westerberg,738,52,36,823,140,392,30
Charles Keepax,738,42,14,817,14,65,6
Daniel Mack,737,10,3,753,66,22,7
Hugh Dickins,734,38,2,849,31,5,43
Ming Lei,727,73,22,749,83,207,32
Paulo Zanoni,727,19,4,822,50,654,18
Gustavo Padovan,726,1,1,1130,15,121,2
Sakari Ailus,723,29,13,1415,7,35,7
Ilya Dryomov,712,25,14,1222,2,70,5
Vineet Gupta,709,12,3,1019,4,4,7
Mark Rutland,706,62,2,759,104,218,50
Mike Rapoport,701,13,4,759,6,64,4
Mel Gorman,699,15,13,794,10,21,13
Sven Eckelmann,689,101,14,973,1,8,19
Hannes Reinecke,682,33,9,683,29,1853,16
Nicholas Bellinger,653,2,0,1916,4,29,0
Heiko Stuebner,647,34,9,2039,228,222,1
Andreas Gruenbacher,645,17,4,495,0,18,7
Nicholas Piggin,645,81,16,649,43,85,9
Jacob Keller,643,17,5,681,1,4,1
Alexei Starovoitov,641,117,74,2054,27,1,43
Alexander Aring,641,4,3,674,5,0,6
Ezequiel Garcia,638,22,4,766,99,46,11
Marek Vasut,628,15,4,671,53,243,10
Mikulas Patocka,625,58,18,648,10,19,41
Bjorn Andersson,616,64,25,1381,33,417,10
Bartosz Golaszewski,610,44,16,765,21,36,2
Sagi Grimberg,610,24,10,866,14,760,23
Xin Long,603,207,95,614,21,37,6
Srinivas Kandagatla,603,25,11,900,33,8,9
Lucas Stach,602,33,10,728,23,157,5
Oliver Neukum,601,15,3,596,1,5,16
Archit Taneja,596,5,1,823,26,192,3
Dave Jones,594,0,0,1034,25,1,197
Masanari Iida,593,5,0,576,0,0,8
Yoshihiro Shimoda,590,77,40,680,47,123,20
Jerome Brunet,588,100,39,687,30,71,1
Mike Christie,588,4,3,744,8,516,12
Helge Deller,583,28,18,839,18,0,5
Daniel Lezcano,582,6,3,1323,8,119,13
Richard Weinberger,581,53,18,1209,17,59,26
Alexander Shiyan,580,3,0,579,10,1,5
Michal Kazior,577,32,20,589,2,7,3
Shaohua Li,576,9,6,969,3,34,10
Rasmus Villemoes,575,16,3,579,0,5,10
Jason Gunthorpe,571,82,21,2660,36,338,21
Rob Clark,571,9,2,1481,40,215,17
Eric Sandeen,570,6,0,614,4,200,19
Nikolay Borisov,569,29,6,572,8,388,17
Sergio Paracuellos,563,9,7,563,0,2,0
Tero Kristo,557,13,3,768,26,25,2
Nicolas Ferre,552,5,1,1378,22,22,5
Michael Hennerich,552,1,1,604,12,4,9
Jarkko Nikula,550,23,7,584,84,43,9
Paul Bolle,548,9,0,564,11,0,64
John Stultz,538,6,1,1189,77,2,30
Eric Anholt,536,45,30,1447,14,543,7
Benjamin Tissoires,533,7,3,697,33,337,9
Sebastian Ott,530,6,4,552,3,51,18
Michal Hocko,526,63,21,553,15,182,21
Anson Huang,523,38,16,538,1,5,2
Tvrtko Ursulin,519,58,20,654,19,1257,41
Gregory CLEMENT,518,29,15,1207,72,81,3
Andrzej Hajda,518,9,1,716,12,227,8
Mike Snitzer,516,54,7,1628,13,44,12
Bhumika Goyal,514,0,0,514,0,0,0
Tony Lu,512,23,10,8,0,0,0
Thomas Hellstrom,512,12,8,629,6,230,6
Hauke Mehrtens,507,23,11,538,5,2,14
Max Filippov,506,8,5,573,10,13,6
Martin Blumenstingl,506,77,7,523,57,159,2
Tony Luck,505,22,10,1773,70,43,34
Gavin Shan,503,35,14,507,3,70,4
Bruce Allan,503,0,0,539,0,40,5
Lars Ellenberg,497,1,0,1235,0,2,0
Atsushi Nemoto,495,0,0,503,1,10,6
Tobias Klauser,493,13,0,501,0,25,4
Robert Richter,488,9,2,590,25,15,8
David Rientjes,486,21,4,526,18,0,25
Christian Borntraeger,483,35,7,1166,41,209,39
Alexander Graf,483,3,1,988,30,40,13
Jesse Brandeburg,481,5,1,810,4,6,5
Shuah Khan,479,12,5,1115,18,40,12
Finn Thain,476,42,23,503,11,16,3
Roger Quadros,476,32,8,525,6,58,11
Sean Christopherson,472,110,11,474,4,68,6
Filipe Manana,466,117,17,425,10,108,12
Leon Romanovsky,465,137,20,1899,12,373,10
Ajay Singh,463,7,4,463,0,7,0
Rodrigo Vivi,461,38,17,1045,9,771,0
Keith Busch,458,29,4,611,9,304,7
Andrew Vasquez,456,1,0,544,0,2,2
David Hildenbrand,455,32,7,458,0,367,7
Or Gerlitz,454,84,25,1021,2,237,32
Peter Chen,452,13,1,659,16,32,4
Vasanthakumar Thiagarajan,451,6,2,479,1,0,5
Julian Wiedmann,448,61,15,489,1,16,6
Antoine Tenart,447,58,31,463,4,1,1
John Fastabend,447,90,44,470,3,9,6
Jonathan Corbet,440,12,0,2195,0,2,7
Michael Buesch,440,1,0,482,6,8,4
Petr Machata,437,60,35,446,2,177,5
Vitaly Kuznetsov,435,38,11,437,11,62,14
Davidlohr Bueso,435,4,1,449,8,43,5
Jan Kiszka,430,16,3,469,7,24,20
Cong Wang,429,107,17,762,5,27,30
Rajkumar Manoharan,429,10,5,483,1,1,3
Gabor Juhos,428,1,0,454,0,0,2
Scott Wood,426,6,0,983,1,14,11
Huang Rui,426,2,0,449,3,484,1
Robin Murphy,425,51,24,438,33,227,10
Josh Poimboeuf,424,76,56,456,3,119,7
Liu Bo,423,14,1,449,3,190,9
Dave Hansen,420,24,11,458,6,107,29
Chanwoo Choi,420,15,10,824,43,230,5
Jon Hunter,409,34,5,439,63,48,19
Biju Das,409,8,2,409,2,113,4
Evan Quan,404,3,1,406,1,366,1
James Morris,404,0,0,1615,1,192,8
Andrey Smirnov,404,12,2,407,4,5,1
Stefan Wahren,400,64,16,455,109,1,24
John Crispin,400,8,7,695,10,7,2
Jeff Mahoney,399,19,1,406,3,5,8
David Herrmann,397,1,0,413,15,197,10
Cyrill Gorcunov,395,3,1,405,9,35,20
Matt Fleming,395,0,0,783,11,110,10
Sara Sharon,394,40,18,398,1,0,1
Dmitry Osipenko,393,27,6,397,45,96,18
Lai Jiangshan,393,2,0,407,0,104,10
Pavel Machek,393,6,2,496,104,68,60
Ryusuke Konishi,392,0,0,486,14,3,1
Nishanth Menon,391,29,4,495,81,24,20
Alex Williams,387,26,5,3,0,0,1
Jouni Malinen,385,6,2,440,5,5,45
Nikolay Aleksandrov,383,86,10,457,6,84,5
Grygorii Strashko,382,36,7,446,13,111,24
Geliang Tang,381,2,1,382,0,0,1
Robert Jarzmik,380,31,19,505,44,19,8
Michael Neuling,380,16,10,432,13,5,11
Santosh Shilimkar,380,2,0,857,106,127,10
Michael Straube,378,2,0,378,0,0,0
Tetsuo Handa,376,28,1,393,22,13,87
Parav Pandit,375,85,24,393,0,113,11
Gerd Hoffmann,370,8,5,566,5,27,2
Ondrej Zary,370,1,1,370,122,0,7
Mika Kuoppala,368,13,3,484,15,983,24
Ursula Braun,366,33,15,595,2,61,2
Shannon Nelson,365,14,11,415,1,42,3
Srinivas Pandruvada,365,18,7,391,19,47,6
Jason Wang,365,55,24,374,7,30,15
Qu Wenruo,361,33,24,366,1,175,10
Harry Wentland,360,3,0,386,0,748,0
Steve Wise,357,28,14,457,101,210,13
Miquel Raynal,354,36,9,869,10,64,2
Christoffer Dall,354,12,4,865,1,451,10
Mark Fasheh,354,0,0,934,0,90,1
Nishka Dasgupta,353,4,0,353,0,0,0
Cornelia Huck,348,5,1,500,10,481,9
Wanpeng Li,343,23,3,348,14,85,10
Vivek Goyal,342,10,3,349,10,1,17
Marcelo Tosatti,342,1,1,1419,3,87,10
Heikki Krogerus,340,32,20,360,9,139,3
Sean Paul,339,39,5,881,12,474,5
Sebastian Reichel,338,11,2,1389,65,411,4
Nicolas Dichtel,338,83,15,357,8,1,14
Shawn Lin,336,24,4,348,14,130,4
Brian King,336,0,0,353,1,41,4
Corey Minyard,335,4,1,524,0,2,0
Steffen Klassert,334,52,16,750,0,0,4
Kent Overstreet,333,1,1,360,2,14,9
Christophe JAILLET,332,102,0,428,0,0,2
Dave Martin,332,35,18,344,28,116,5
Mike Isely,331,0,0,366,1,3,0
Jon Mason,330,26,7,608,1,1,2
John Whitmore,330,0,0,330,0,0,0
Daniel Drake,329,6,0,417,35,21,19
Liam Girdwood,329,0,0,1067,0,4,2
Lukas Wunner,328,45,6,336,32,31,5
Douglas Anderson,327,77,4,356,74,294,9
Eduardo Valentin,326,2,1,1086,21,28,2
Juergen Gross,317,27,1,528,63,266,4
Paul Moore,317,9,1,832,7,22,5
Amir Goldstein,316,63,36,334,5,121,15
Jarod Wilson,315,9,4,408,24,17,6
Suman Anna,313,14,0,373,5,8,9
Saeed Mahameed,313,66,15,2251,0,57,2
Vladimir Kondratiev,313,3,1,342,0,0,3
Nathan Chancellor,312,120,2,317,28,75,24
Dave Jiang,312,24,10,362,9,21,12
Jack Morgenstein,312,64,15,372,1,37,4
Bob Peterson,311,3,2,494,5,25,3
Peter Huewe,311,6,0,443,7,42,3
Matthias Kaehlcke,310,19,4,329,43,116,14
Mike Marciniszyn,308,35,20,378,17,493,2
Mathieu Desnoyers,307,4,0,326,3,27,14
Trent Piepho,303,2,0,316,2,3,3
Andrii Nakryiko,301,66,46,300,4,1,7
Stephane Eranian,301,6,2,294,24,45,63
Andrea Arcangeli,296,22,3,350,2,86,20
Dmytro Laktyushkin,296,1,1,294,0,155,0
Icenowy Zheng,295,33,16,324,9,5,0
Changbin Du,295,27,1,261,0,1,3
Anand Jain,295,9,1,298,2,115,4
Konstantin Khlebnikov,294,44,3,303,3,13,16
Tom Zanussi,292,13,3,298,25,31,3
Barry Song,290,0,0,494,19,8,2
Manuel Lauss,289,2,1,288,11,0,11
Lorenzo Pieralisi,288,36,12,1001,45,42,10
Alexey Khoroshilov,287,9,0,288,0,1,13
Jose Abreu,286,61,44,290,1,53,1
Sean Wang,285,24,15,322,14,4,4
Mathias Nyman,284,28,8,607,0,1,0
Dinh Nguyen,283,3,2,437,46,0,9
Ivan Safonov,282,0,0,282,0,0,0
Christian Gromm,279,1,1,336,0,0,0
Neil Horman,279,0,0,284,1,9,6
Minchan Kim,276,14,3,298,7,220,14
Mathias Krause,276,25,1,276,0,1,6
Denys Vlasenko,275,1,1,281,2,0,11
Andy Whitcroft,274,3,0,311,3,3,9
Joe Thornber,274,11,1,292,0,2,2
Jisheng Zhang,273,17,2,287,23,12,4
John Garry,272,22,2,540,13,27,16
Baolin Wang,272,9,5,336,15,38,1
Andy Grover,272,0,0,288,2,23,7
Omar Sandoval,271,55,9,273,11,220,8
Paul Cercueil,271,11,6,286,1,11,0
Brian Masney,271,7,3,282,10,11,3
Kan Liang,267,35,16,301,53,8,12
Tariq Toukan,267,90,37,422,0,196,7
Stefano Stabellini,267,2,0,314,2,99,3
Johannes Thumshirn,264,17,3,282,17,1143,12
Andres Salomon,264,0,0,285,1,0,1
Corentin Labbe,262,29,8,400,38,2,5
Thomas Abraham,261,0,0,280,30,54,4
Eli Cohen,260,28,13,308,1,35,3
Jaroslav Kysela,260,3,0,1972,0,67,0
Luca Coelho,258,38,8,1892,0,2,2
Huang Shijie,258,2,1,265,10,2,5
Bob Copeland,257,6,0,283,6,9,6
Fengguang Wu,255,21,0,595,35,15,546
Thomas Zimmermann,252,12,10,255,2,10,1
Paolo Abeni,251,128,32,268,6,2,5
Olaf Hering,251,3,0,254,7,4,14
Simon Wunderlich,249,1,0,643,12,2,14
Monk Liu,246,0,0,284,0,80,0
Vasily Gorbik,246,20,7,429,1,13,1
Thomas Bogendoerfer,245,17,6,251,3,2,1
Mike Travis,245,1,0,355,0,5,4
Sasha Levin,244,13,0,359,67,2,148
Oded Gabbay,244,1,0,709,15,186,1
Huang Ying,241,11,2,215,1,15,12
Matt Roper,241,32,12,286,6,366,0
Laura Abbott,241,18,2,245,89,28,35
Zhenyu Wang,240,22,4,783,2,74,2
Felix Kuehling,240,6,0,408,0,462,0
Mimi Zohar,240,7,4,590,3,26,6
David Teigland,240,0,0,399,3,0,12
Joel Stanley,238,30,12,454,39,101,5
Hawking Zhang,237,0,0,243,0,483,0
Lubomir Rintel,237,16,6,242,10,7,2
Mathieu Poirier,237,4,1,585,34,81,6
Haiyang Zhang,236,20,6,903,1,150,2
Ben Greear,236,1,0,234,30,0,43
Michal Wajdeczko,235,2,0,242,1,108,0
Xiubo Li,234,2,1,240,5,19,0
Jan Glauber,233,2,1,258,13,7,7
Julian Anastasov,232,43,6,255,3,17,14
Nicolin Chen,231,7,1,234,5,3,3
Stanislav Fomichev,231,38,16,234,2,32,5
Vladimir Oltean,229,53,33,253,8,12,0
Nadav Amit,227,19,2,235,2,15,20
Sekhar Nori,226,13,0,981,50,41,10
Vlastimil Babka,225,35,7,243,5,6,17
Reinette Chatre,225,27,19,1074,11,7,17
David Miller,225,9,0,3,7,1,61
Kim Phillips,224,20,5,274,18,18,10
Yangtao Li,224,20,0,224,0,0,0
Kailang Yang,224,17,12,227,0,3,1
Leo Li,224,4,1,49,0,44,0
Matt Ranostay,224,7,5,134,1,15,1
Josh Boyer,223,1,0,517,14,12,29
Jyri Sarha,221,2,1,293,22,24,3
Inki Dae,220,1,0,1404,2,8,0
Jonas Gorski,219,26,2,231,7,3,7
Daniel Scheller,219,4,2,222,3,0,2
Jordan Crouse,218,6,1,233,3,47,2
Bard Liao,218,2,1,235,0,3,2
Andreas Herrmann,218,1,0,252,16,12,10
Jeremy Kerr,216,3,0,344,2,0,2
Joonyoung Shim,216,2,0,241,3,59,4
Waiman Long,214,15,3,219,17,11,12
David Lechner,213,2,1,222,26,78,4
Benjamin Gaignard,212,6,2,311,41,80,2
Thomas Renninger,212,1,0,256,8,15,6
Peter Griffin,211,2,0,225,4,9,3
Gao Xiang,210,29,24,227,0,47,3
Fabrice Gasnier,209,37,13,232,1,0,0
Ian Kent,209,4,0,247,9,7,4
Ulrich Hecht,208,4,0,246,10,57,2
Prarit Bhargava,208,18,4,212,32,19,17
Hendrik Brueckner,206,5,0,208,0,109,4
Jernej Skrabec,204,32,17,217,2,14,1
Chunfeng Yun,204,0,0,212,7,3,1
Vlad Buslov,202,63,36,205,1,20,6
Lyude Paul,201,43,22,223,9,95,5
Jozsef Kadlecsik,201,3,3,276,1,0,0
Chengguang Xu,201,3,1,201,0,2,2
Dmitry Monakhov,201,0,0,204,0,8,3
Naoya Horiguchi,201,24,9,216,4,138,6
Coly Li,200,22,7,267,0,31,4
Alexander Usyskin,200,10,2,264,0,11,0
Jayachandran C,200,0,0,239,2,0,2
Marek Lindner,200,4,0,807,0,2,18
Joel Fernandes,199,8,4,217,5,65,14
Janusz Krzysztofik,199,19,11,198,59,4,6
Lu Baolu,198,33,3,214,0,21,0
Jassi Brar,198,1,1,422,2,1,2
Yuchung Cheng,198,20,11,307,1,9,12
Yonghong Song,194,61,25,199,2,6,9
Jiri Benc,194,40,8,245,0,10,5
Kefeng Wang,193,8,0,194,7,3,11
Takeshi Kihara,193,40,4,261,0,0,0
Stefan Roese,192,3,0,213,23,9,5
Alex Shi,190,1,0,191,3,2,12
James Morse,189,33,1,212,20,91,8
Nicholas Kazlauskas,189,25,6,192,0,123,0
Todd Poynor,189,0,0,205,0,3,3
Chad Dupuis,188,1,0,332,6,10,0
Doug Anderson,188,9,4,222,79,184,11
Manivannan Sadhasivam,187,5,2,197,4,7,1
Yishai Hadas,186,35,14,221,0,138,0
Greg Rose,186,1,0,205,14,18,4
Toshi Kani,186,13,3,191,41,56,12
Logan Gunthorpe,185,23,10,202,5,86,9
Patrice Chotard,185,3,0,184,1,16,1
Thomas Meyer,185,0,0,186,3,0,10
Niklas Cassel,184,27,1,209,39,28,15
Andre Guedes,184,3,0,184,0,0,0
Tom Lendacky,182,12,3,395,30,20,2
Sukadev Bhattiprolu,182,4,2,228,37,12,2
Yunsheng Lin,181,60,12,222,0,12,1
Leo Liu,181,4,1,180,0,69,0
Stephan Mueller,180,14,8,188,5,12,12
Sinan Kaya,180,25,11,182,13,48,2
Hidetoshi Seto,179,0,0,253,1,32,1
Taehee Yoo,178,89,7,178,1,0,8
Quentin Monnet,178,28,8,179,0,250,2
Steve Longerbeam,177,12,1,194,35,15,2
Amit Kucheria,176,6,2,182,12,61,0
Huazhong Tan,176,66,16,460,0,0,1
Mathieu Malaterre,175,8,1,175,61,5,11
Ivan Khoronzhuk,174,10,2,179,3,6,1
Dave Kleikamp,173,0,0,289,1,7,3
Wei Yang,171,7,1,172,2,24,5
Anatolij Gustschin,170,0,0,254,3,0,1
Sowmini Varadhan,170,5,2,173,3,13,10
Doug Ledford,169,11,0,3948,27,15,9
Lukas Czerner,169,7,1,172,2,39,1
Nathan Fontenot,169,6,5,187,2,28,0
Ping Cheng,168,1,0,175,18,81,2
Zhao Yakui,168,0,0,183,1,1,1
Vignesh R,168,14,4,152,6,3,2
Andrea Gelmini,168,0,0,166,2,0,3
Jagan Teki,167,4,1,173,2,12,1
Ralph Campbell,167,6,0,180,29,48,0
Gal Pressman,167,52,18,173,2,28,1
Ross Zwisler,167,9,0,192,25,152,24
Mike Galbraith,167,5,1,217,45,0,83
OGAWA Hirofumi,166,1,0,201,2,0,4
Ronnie Sahlberg,166,2,0,172,0,159,2
Li RongQing,166,20,0,168,1,0,7
Jarkko Sakkinen,166,48,24,516,163,350,2
Josh Triplett,166,0,0,169,3,978,16
Paul Kocialkowski,164,11,2,172,2,64,1
Roopa Prabhu,164,23,14,228,0,1,3
Jacek Anaszewski,163,3,2,570,0,10,2
Edward Cree,162,33,20,212,0,5,2
Vasundhara Volam,162,26,10,172,0,1,1
Leonard Crestez,161,33,3,167,7,37,9
Chuhong Yuan,160,16,1,160,0,0,1
Vivek Gautam,160,4,3,173,21,46,0
Richard Fitzgerald,160,1,0,172,0,4,1
Ilia Mirkin,160,5,0,161,1,3,8
Roman Gushchin,160,26,15,163,3,50,6
Vadim Pasternak,159,25,20,159,0,2,2
Brice Goglin,159,0,0,167,15,2,6
Stefano Brivio,158,60,18,168,1,45,3
Thomas Richter,158,26,8,148,21,62,8
Matt Redfearn,158,38,6,168,9,13,4
Guillaume Nault,156,72,12,156,12,18,6
Petr Mladek,156,9,0,303,11,114,6
Thor Thayer,156,10,3,164,8,9,1
Quentin Schulz,156,10,5,163,25,12,1
Milan Broz,155,6,0,169,14,4,7
Joseph Lo,155,1,0,162,3,4,1
SeongJae Park,154,13,0,155,0,1,0
Shivasharan S,154,2,2,162,0,0,0
Dennis Dalessandro,153,9,0,807,2,495,0
Song Liu,153,29,15,244,34,20,15
Feng Tang,153,1,0,169,0,0,2
Peter Oberparleiter,153,1,0,155,9,115,5
Dexuan Cui,152,34,8,152,15,17,14
Moni Shoua,152,34,15,185,1,36,2
Yongqiang Sun,151,0,0,154,0,74,0
Sunil Goutham,151,1,1,212,0,0,0
Adam Jackson,151,0,0,154,3,62,5
Vaishali Thakkar,151,1,1,153,0,13,3
Arnaud Patard,151,2,0,167,7,1,4
Leo Yan,150,17,2,165,66,26,8
Stephen Smalley,150,10,4,129,5,14,11
Sabrina Dubroca,150,93,25,154,7,34,17
Tony Cheng,150,0,0,154,0,1176,0
Jann Horn,149,67,2,155,3,8,51
Luca Ceresoli,149,8,2,149,2,6,1
Xiang Chen,149,5,2,177,3,11,1
Gerald Schaefer,148,12,2,151,6,102,9
Yazen Ghannam,148,9,4,152,9,2,1
Carolyn Wyborny,148,0,0,153,0,0,0
Charlene Liu,147,0,0,152,0,192,0
Peter Korsgaard,147,0,0,151,3,3,1
Tudor Ambarus,146,14,3,263,3,60,0
Anshuman Khandual,146,4,0,151,6,36,6
Lokesh Vutla,146,6,1,190,19,34,1
Jian Shen,145,58,19,158,0,2,0
Vasily Averin,145,33,2,143,1,3,3
Vladimir Murzin,145,14,4,157,21,36,11
Cyrille Pitchen,145,9,4,256,1,2,3
Anna Schumaker,144,9,0,1310,10,4,6
Hui Wang,143,15,9,145,8,0,3
Eric Auger,143,14,4,151,64,254,14
Guoqing Jiang,143,10,1,144,1,3,1
Maor Gottlieb,142,49,17,160,0,65,1
Kevin Hao,142,9,0,138,0,0,3
Rami Rosen,142,0,0,151,0,0,1
Ira Weiny,141,14,3,189,28,406,0
Deepa Dinamani,141,6,5,143,0,0,0
Eric Huang,141,0,0,145,0,35,0
Dave Young,140,4,2,145,24,15,16
Huacai Chen,140,12,0,141,1,4,1
Tyler Hicks,139,6,0,245,1,23,2
Ryder Lee,139,9,5,151,1,6,1
Aaron Lu,139,4,4,148,6,37,5
Jason Baron,138,3,0,169,1,8,4
Andy Gross,138,4,0,1069,8,75,2
Martyn Welch,138,1,0,171,4,1,2
Liad Kaufman,138,12,2,144,0,13,0
Murali Karicheri,138,4,0,193,11,0,3
Jon Maloy,137,15,12,463,1,177,2
Mark Salter,137,2,0,180,21,4,10
Wang Shilong,137,0,0,148,2,7,3
Jin Yao,137,7,3,109,4,0,7
Caesar Wang,137,2,0,191,31,14,2
Yong Zhao,136,0,0,147,0,19,0
Dennis Zhou,136,15,7,154,0,0,0
Lan Tianyu,136,8,6,154,5,4,0
Davide Caratti,135,96,11,144,4,2,3
Anup Patel,135,4,2,144,4,68,1
Michel Lespinasse,135,0,0,137,1,22,7
Stefan Haberland,134,4,1,145,4,41,5
Dmitry Safonov,134,11,9,159,0,7,2
Mat Martineau,133,1,0,139,0,11,6
Anirudh Venkataramanan,133,4,3,336,0,0,0
Claudiu Beznea,133,8,5,159,4,134,1
Vincent Guittot,132,21,17,135,9,20,9
Alexandru Ardelean,132,11,4,170,0,38,0
Daniel Kurtz,132,3,0,145,5,101,5
Matthew Auld,131,30,1,144,11,538,23
Ladislav Michl,131,5,1,135,20,0,4
Qian Cai,130,60,1,139,25,3,44
Pete Zaitcev,130,1,1,125,0,0,1
Oscar Mateo,130,3,0,144,1,21,1
Madalin Bucur,129,5,1,140,2,1,1
Bhawanpreet Lakha,129,3,3,130,0,19,0
Martin Brandenburg,129,2,2,134,0,3,1
Daniel Axtens,128,16,3,132,5,32,8
Kamal Heib,128,37,1,134,0,2,1
Hanjun Guo,128,4,1,174,80,88,10
Christian Brauner,127,23,10,184,2,19,8
Michel Thierry,127,2,0,121,2,128,1
Pan Bian,127,23,0,127,0,0,3
Anssi Hannula,127,17,2,130,2,0,9
Carlo Caione,127,5,0,152,38,0,2
Mark Bloch,127,24,5,134,1,176,2
Ioana Ciornei,127,8,2,148,1,0,0
Nick Kossifidis,127,0,0,117,0,2,0
Ioana Radulescu,126,4,2,159,0,4,0
Anthony Koo,125,0,0,122,0,142,0
Bob Liu,125,0,0,276,5,26,2
Nathan Lynch,125,13,2,130,2,0,4
Lukasz Majewski,125,1,1,136,42,11,0
Anders Roxell,124,66,4,128,13,5,14
Don Brace,124,0,0,350,14,5,2
Allen Pais,124,0,0,129,1,2,1
Vasily Khoruzhick,124,12,1,144,16,5,3
Paolo Valente,123,12,8,147,1,8,5
Li Yang,123,1,0,337,0,1,1
Szymon Janc,123,0,0,131,3,0,0
Seth Forshee,123,7,0,131,18,3,11
Maxime Chevallier,123,25,8,129,3,10,1
Lijun Ou,123,17,8,244,0,4,1
Patrik Jakobsson,122,0,0,157,2,83,0
Maxim Levitsky,122,0,0,120,17,6,12
Elena Reshetova,122,0,0,187,0,1,1
Suravee Suthikulpanit,121,11,3,165,30,4,4
Tomeu Vizoso,121,10,2,139,20,21,1
Ganesh Goudar,121,14,6,248,0,2,0
Giridhar Malavali,121,6,0,342,1,5,1
Chris Packham,120,6,0,135,12,14,6
Manish Chopra,120,3,0,163,0,0,0
Hariprasad Kelam,120,0,0,120,0,0,4
Balbir Singh,120,12,4,147,14,53,2
Ray Jui,120,15,10,148,9,160,6
Harald Freudenberger,119,5,5,131,0,28,2
Boris Ostrovsky,119,6,0,325,21,293,13
Michael Grzeschik,119,0,0,174,16,2,5
Frank Rowand,119,6,4,122,10,82,1
Wei Wang,119,30,14,130,0,7,4
Thomas Huth,118,3,0,118,7,80,6
Dan Murphy,117,9,6,118,5,18,3
Benoit Parrot,117,5,4,142,6,12,2
Thomas Pedersen,117,1,0,141,0,4,0
Saurav Kashyap,116,1,0,370,0,0,0
Guo Ren,115,2,0,144,1,0,0
Yang Shi,115,13,3,118,3,7,3
Toshiaki Makita,115,27,4,120,1,5,4
Dean Nelson,115,2,0,123,0,0,6
Andrey Ignatov,114,13,7,115,1,0,4
Julien Grall,114,4,1,116,30,37,15
Goldwyn Rodrigues,114,7,3,120,4,14,2
Alexander Stein,114,0,0,121,27,0,9
James Zhu,113,0,0,117,15,42,0
Lionel Landwerlin,113,40,10,132,3,87,13
Kangjie Lu,113,4,0,113,0,0,0
Ricardo Neri,113,0,0,117,1,1,2
Alison Schofield,113,0,0,114,1,0,1
Ravi Bangoria,112,22,3,112,24,10,10
Yoshinori Sato,112,0,0,123,0,0,0
Adam Thomson,112,2,2,114,8,16,0
Mikko Perttunen,112,2,1,132,31,62,2
Wen Yang,111,39,3,118,0,0,2
Stefan Raspl,111,0,0,111,5,1,4
Joe Stringer,111,14,10,113,1,0,6
Alban Bedel,111,0,0,111,0,6,0
Kunihiko Hayashi,110,12,5,112,1,4,1
Li Jun,110,4,1,122,2,2,0
Yong Wu,110,6,2,56,6,1,1
Ivan Vecera,110,12,2,110,2,16,2
Georgi Djakov,109,10,5,131,4,9,2
Nicolai Stange,109,30,6,111,5,9,6
Martin Kepplinger,109,2,0,114,9,7,0
Palmer Dabbelt,109,3,2,336,6,68,3
Steffen Maier,109,53,5,151,0,29,2
Mario Kleiner,109,5,2,112,2,20,1
Kaike Wan,108,28,17,122,0,30,1
Catherine Sullivan,108,0,0,186,0,5,0
Neal Cardwell,107,24,11,263,12,27,13
Casey Schaufler,106,2,0,153,8,25,2
Oder Chiou,106,0,0,143,6,0,0
Mike Kravetz,106,20,7,113,11,89,1
Alexey Brodkin,105,2,1,125,9,9,7
Sergey Matyukevich,104,0,0,105,3,17,2
Yangbo Lu,104,8,2,140,1,2,1
Tzvetomir Stoyanov,104,0,0,104,0,0,2
Eugeniy Paltsev,103,3,1,105,2,1,2
Jiong Wang,103,6,3,106,0,38,1
Liviu Dudau,103,5,0,277,13,58,5
Manfred Spraul,102,4,1,112,0,0,2
Jay Vosburgh,102,6,0,209,1,1,1
Simon Arlott,102,0,0,103,2,0,1
Martin Sperl,102,5,0,107,7,6,0
Breno Leitao,102,7,1,109,3,1,4
Baoquan He,101,7,1,108,25,5,6
Emil Velikov,101,2,1,105,0,233,4
Stefan Schmidt,101,0,0,164,2,101,1
Thierry Escande,101,2,0,179,15,15,1
Valdis Kletnieks,100,2,0,98,16,3,32
Igor Russkikh,100,16,6,202,0,5,1
Richard Genoud,100,9,0,105,21,8,9
Matthias Brugger,99,3,0,497,7,138,2
Ilan Peer,99,3,0,114,1,18,7
Alan Tull,99,1,0,138,19,4,5
Hangbin Liu,98,68,9,97,0,0,10
Michal Kalderon,98,26,6,217,2,10,4
Loic Poulain,98,8,1,99,0,1,2
Grant Grundler,98,0,0,123,8,38,2
Max Gurtovoy,97,16,2,104,6,171,3
John Keeping,97,13,0,98,14,0,0
Daniel Thompson,97,3,1,140,4,79,1
Peng Li,97,10,1,524,0,26,0
Abhishek Sahu,97,4,1,101,2,11,0
Peng Fan,96,19,1,98,0,26,0
Chunyan Zhang,96,10,8,126,0,2,2
Joseph Qi,96,6,1,110,6,114,2
Mahesh Salgaonkar,96,15,4,105,4,19,4
Taeung Song,96,9,0,95,2,0,0
Xiangliang Yu,96,0,0,118,0,24,0
Jitendra Bhivare,96,1,0,98,1,13,1
Laurentiu Tudor,95,4,1,115,0,14,1
Mike Marshall,95,1,0,293,1,1,2
Denis Efremov,95,19,0,95,1,0,1
Marc Gonzalez,95,12,3,101,11,8,5
Feifei Xu,95,0,0,102,1,133,0
Denis Kirjanov,95,1,0,111,2,1,5
Eric Yang,95,0,0,97,0,55,0
Igor Grinberg,95,0,0,113,12,0,0
David Spinadel,95,3,1,102,0,2,2
Mahesh Bandewar,94,17,8,97,0,0,0
Benjamin Poirier,94,17,5,94,1,1,1
Madhavan Srinivasan,94,23,11,103,1,27,2
Jan Schmidt,94,0,0,102,3,14,0
John Harrison,94,0,0,97,0,16,1
Long Li,94,4,2,98,5,30,6
Ido Yariv,94,0,0,111,0,1,8
Haneen Mohammed,94,1,1,94,0,4,0
Olivier Moysan,93,15,7,94,0,0,0
Olga Kornievskaia,93,17,3,82,6,1,18
Zhu Yanjun,93,8,3,103,3,16,2
Jonas Bonn,93,0,0,129,2,0,1
Ariel Elior,93,0,0,554,0,0,0
Andrea Merello,92,1,0,109,0,0,4
Tim Collier,91,1,0,91,0,0,0
MyungJoo Ham,91,0,0,323,0,0,1
Elaine Zhang,91,0,0,99,0,4,1
Gwendal Grignou,90,3,1,94,26,42,1
George Cherian,90,5,1,96,4,0,4
Sibi Sankar,89,9,1,97,10,12,0
Matti Vaittinen,89,7,4,89,0,1,0
Phil Edworthy,89,1,0,93,1,2,4
Joakim Tjernlund,89,5,0,89,3,6,5
Matteo Croce,87,25,3,88,13,0,17
Maxim Mikityanskiy,87,10,1,89,0,1,1
Benjamin Coddington,87,21,7,87,8,18,9
Hugues Fruchet,87,0,0,88,0,0,0
Frank Li,87,0,0,104,2,1,0
Bin Liu,87,13,1,252,28,0,3
Pavel Begunkov,86,6,2,86,2,13,7
Shubhrajyoti Datta,86,2,0,89,1,11,1
Eugen Hristev,86,16,4,87,2,2,0
Oak Zeng,86,0,0,97,0,12,0
Maya Erez,86,0,0,281,8,17,0
Wenwen Wang,85,17,0,85,0,0,0
Alexander Sverdlin,85,10,0,92,14,29,5
Libin Yang,85,6,4,92,0,7,4
Nishad Kamdar,85,2,1,85,0,0,0
Mitko Haralanov,85,5,2,119,0,53,0
Shahed Shaikh,85,3,0,144,0,0,1
Pankaj Dubey,84,0,0,98,5,31,0
Julien Thierry,83,4,3,85,0,52,6
Sasha Neftin,83,0,0,83,0,0,0
Andy Yan,83,1,0,89,3,0,0
Mario Limonciello,83,6,0,85,13,17,4
Marcus Cooper,83,1,0,90,0,0,1
Tim Chen,83,0,0,105,9,14,8
Pranith Kumar,83,0,0,84,1,40,5
Dou Liyang,83,7,2,88,1,1,1
Jeff Moyer,82,3,0,88,7,122,30
Kevin Barnett,82,0,0,79,0,166,0
Suganath Prabu,82,1,0,110,0,0,0
Jeremy Sowden,82,6,1,82,0,0,0
Roberto Sassu,81,6,3,88,1,4,3
Vitaly Wool,81,3,1,80,0,0,2
Aristeu Rozanski,81,0,0,84,1,21,4
Devesh Sharma,81,9,1,125,63,28,3
Valentin Longchamp,81,0,0,80,0,0,0
Himanshu Jha,81,0,0,82,8,13,0
Phil Reid,81,10,2,84,11,7,0
Juri Lelli,81,7,5,94,22,21,7
Robert Hancock,81,2,0,81,2,3,1
Brett Creeley,80,1,1,81,0,0,0
Fuqian Huang,80,0,0,80,0,0,0
Andy Gospodarek,80,4,1,123,8,22,4
Navid Emamdoost,80,40,1,80,0,0,0
Jie Liu,80,2,0,128,1,49,1
Yunlong Song,80,5,0,81,0,0,0
Wei Li,79,3,0,12,0,0,1
Mikita Lipski,79,0,0,90,1,16,0
Yegor Yefremov,79,1,0,79,12,3,5
Tao Zhou,79,0,0,84,0,51,0
Ashok Raj,79,6,0,91,14,22,1
Steve Capper,79,12,5,92,22,36,4
Shirish S,78,1,0,89,1,0,1
Wei Hu,78,4,3,100,0,23,1
Rahul Lakkireddy,78,15,13,103,0,0,0
Zhi Wang,78,9,2,108,0,26,0
Todor Tomov,78,0,0,80,0,0,1
Hillf Danton,77,4,0,80,0,1,5
Stephan Gerhold,77,13,0,77,23,13,4
Luis Henriques,77,9,2,76,7,2,8
Jean Pihet,77,0,0,93,13,36,2
Chris Leech,77,1,0,86,2,17,0
Tuomas Tynkkynen,77,3,0,78,3,0,3
Marco Felsch,76,20,2,102,1,11,1
Andreas Dilger,76,1,0,272,0,638,3
Yu Zhao,76,5,0,89,0,1,1
Li Zhong,76,3,1,79,0,0,4
Serge Semin,76,3,1,78,5,5,1
Govindarajulu Varadarajan,75,9,3,85,0,1,1
Mark Yao,75,0,0,88,1,10,0
Marc Dietrich,75,1,0,78,9,4,9
Magnus Karlsson,74,22,15,75,0,0,1
Roi Dayan,74,25,2,87,2,192,3
Somnath Kotur,74,2,0,96,0,0,0
Markus Mayer,74,2,2,83,5,54,0
Karol Herbst,74,0,0,73,4,20,2
Arushi Singhal,74,0,0,75,0,0,0
Greentime Hu,73,6,1,133,7,9,2
Moritz Fischer,73,5,2,117,0,39,0
Valentin Vidic,73,0,0,73,0,0,0
Xiaofei Tan,73,1,0,80,0,0,3
Hari Bathini,73,4,2,75,2,1,0
Anusha Srivatsa,73,8,7,77,0,61,0
Alistair Popple,73,12,12,74,3,12,1
Jeremy Linton,73,1,0,79,50,13,5
Erez Shitrit,72,19,1,90,0,39,2
Sam Bobroff,72,14,1,87,8,20,1
Fugang Duan,72,1,0,135,6,10,4
Hou Zhiqiang,72,11,1,96,0,1,0
Mans Rullgard,72,6,0,82,4,0,2
Heinrich Schuchardt,72,7,0,96,2,1,8
Ching Huang,72,0,0,72,0,0,0
Daniel Wagner,71,4,0,76,29,5,10
Aditya Pakki,71,2,0,71,0,0,1
Roman Li,71,0,0,71,1,83,0
Andrew Murray,71,4,1,73,5,96,3
Igor Mitsyanko,71,1,0,84,0,1,0
Samuel Thibault,71,3,1,72,1,40,0
Mahesh Kumar,71,8,2,99,0,19,0
Vishal Verma,71,10,7,94,8,54,18
Flora Cui,71,1,0,73,0,6,0
Brad Love,71,5,2,71,0,1,0
Nick Desaulniers,70,9,1,83,43,184,43
Brijesh Singh,70,8,5,100,1,11,0
Eric Bernstein,70,0,0,70,0,46,0
Dylan Reid,70,0,0,76,4,5,0
Dengcheng Zhu,70,0,0,7,0,0,0
Madhav Chauhan,70,1,0,81,0,13,0
Dimitris Michailidis,70,2,0,74,0,0,0
Vincenzo Frascino,69,4,1,71,11,20,1
Fabien Dessenne,69,3,1,91,9,18,0
Fuyun Liang,69,28,1,78,0,0,0
Aya Levin,68,26,11,69,1,8,0
Tony Nguyen,68,2,0,133,0,0,0
Dafna Hirschfeld,68,1,0,70,0,0,1
Ulf Magnusson,68,2,0,68,2,35,0
Thinh Nguyen,68,12,2,68,7,2,1
Arnaud Pouliquen,68,1,0,77,3,0,1
Nikolai Kondrashov,68,0,0,68,3,8,0
Karsten Graul,67,8,2,106,2,5,3
Dmitry Vyukov,67,6,1,71,40,27,292
Andrew Jones,67,4,0,73,9,105,8
Bodong Wang,67,12,4,68,0,9,0
Harsh Jain,67,2,1,61,0,0,3
Paul Fulghum,67,0,0,63,0,0,0
Varsha Rao,67,0,0,67,0,0,0
Tim Harvey,66,1,0,66,12,4,3
Andrea Parri,66,7,0,67,9,19,9
Govind Singh,66,0,0,74,0,0,0
Tyrel Datwyler,66,14,2,69,0,26,0
Frederic Barrat,66,15,2,76,1,39,5
Miaoqing Pan,66,3,1,66,0,0,0
Lior David,66,0,0,71,0,0,0
Yakir Yang,66,1,1,77,11,13,0
Wang YanQing,66,5,0,71,2,1,1
He Kuang,66,1,0,101,1,0,4
Yunlei He,66,1,0,76,0,0,3
Stefan Popa,65,4,4,67,0,1,0
Joe Lawrence,65,7,0,67,21,7,14
Shashank Sharma,65,2,0,70,0,89,0
Erik Hugne,65,5,0,67,21,159,7
Wei Liu,64,1,0,66,0,26,2
Huy Nguyen,64,29,14,66,0,4,0
Jakub Sitnicki,64,11,4,64,1,11,2
Ondrej Mosnacek,64,24,12,78,1,16,0
Byungchul Park,64,1,1,64,0,2,4
Tomer Tayar,64,1,0,79,0,9,0
Greg Thelen,64,12,1,68,3,18,6
Andres Rodriguez,64,0,0,64,1,20,0
Faiz Abbas,63,7,5,72,7,6,2
Kai Vehmanen,63,6,4,69,1,12,0
Steven Price,63,11,5,64,0,63,0
Pawel Osciak,63,0,0,77,0,8,0
Jun Lei,63,0,0,63,0,96,0
William Tu,63,22,19,62,15,0,3
George Spelvin,63,3,2,66,7,7,11
Wei Ni,63,1,0,66,2,0,1
Yisheng Xie,63,6,0,71,1,0,0
Carlos Maiolino,62,0,0,63,2,98,0
Eddie James,62,9,1,68,8,31,0
Hayes Wang,62,2,2,282,1,0,0
Al Cooper,62,4,4,63,1,0,1
Dongsheng Yang,62,2,0,66,2,30,0
Parthasarathy Bhuvaragan,62,10,2,70,0,9,1
Aric Cyr,61,0,0,61,0,200,0
Laurent Vivier,61,6,1,69,9,6,0
Andrew Duggan,61,0,0,64,6,13,1
Hans Holmberg,61,9,4,68,1,24,4
Yuyang Du,61,1,0,62,0,0,1
Keyon Jie,61,3,0,74,0,0,0
Stuart Menefy,61,1,0,81,0,2,1
Nir Dotan,61,12,1,61,0,0,1
Marcin Wojtas,61,6,1,64,22,0,1
Junwei Zhang,61,0,0,65,3,227,2
Michal Kubecek,60,14,2,99,3,19,14
Kuppuswamy Sathyanarayanan,60,4,2,67,0,18,0
Sven Schnelle,60,6,0,60,9,0,9
Jon Derrick,60,8,4,63,3,23,4
Dotan Barak,60,1,0,63,0,0,1
Haishuang Yan,60,25,1,59,0,0,0
Yang Wei,60,0,0,60,0,1,2
Daniel Jurgens,60,22,9,74,0,139,0
John Hsu,60,0,0,70,0,0,0
Steve Twiss,60,14,0,67,14,1,1
Joao Pinto,60,1,1,69,1,0,1
Shawn Bohrer,60,2,0,60,5,7,8
Aurelien Aptel,59,5,1,65,5,108,0
Stanley Chu,59,2,0,59,0,17,0
Ilya Leoshkevich,59,24,0,62,4,0,1
Marcus Folkesson,59,1,0,59,4,5,1
Deepak Rawat,59,4,0,68,0,56,0
Sinclair Yeh,59,0,0,76,0,191,0
Artemy Kovalyov,58,19,8,61,1,59,1
Andrei Otcheretianski,58,6,0,68,0,0,3
Paul Blakey,58,25,8,61,0,44,8
Tomas Henzl,58,2,0,61,0,384,5
Avraham Stern,58,8,1,61,0,0,0
Moshe Shemesh,58,22,5,67,0,32,0
Junxiao Bi,58,7,1,58,0,29,0
Jack Xiao,58,0,0,63,0,54,0
Jorge Ramirez,58,3,0,0,1,0,0
Jeykumar Sankaran,58,0,0,58,0,45,0
Majd Dibbiny,58,25,1,79,0,70,0
Israel Rukshin,57,16,0,67,2,6,2
xinhui pan,57,0,0,59,0,3,0
Andreas Kemnade,57,7,1,57,3,0,1
Roman Mashak,57,12,0,60,0,0,1
Shalom Toledo,57,5,1,57,3,14,6
Shaul Triebitz,57,2,0,59,0,0,3
Beniamino Galvani,57,1,0,57,0,0,4
Connor McAdams,57,1,1,57,0,2,1
Andrey Shvetsov,56,0,0,107,0,0,0
Shengjiu Wang,56,9,2,80,0,1,1
Dirk Behme,56,2,0,76,12,0,4
Chen Yu,56,2,0,52,14,1,5
David Disseldorp,56,11,1,57,2,24,5
Kirill Smelkov,56,0,0,57,1,0,2
Stafford Horne,56,5,0,94,2,1,0
Nikola Cornij,56,1,1,56,0,42,0
Daniel He,56,0,0,1,0,0,0
Alexander Potapenko,55,16,4,59,11,3,12
Wenjing Liu,55,0,0,56,0,52,0
Avri Altman,55,4,2,59,4,62,0
Igor Mammedov,55,2,0,56,1,5,3
Vakul Garg,55,12,4,63,2,3,2
Martin Willi,55,5,0,53,4,4,0
Willy Tarreau,55,2,0,73,34,6,7
Aapo Vienamo,55,0,0,58,0,1,1
Dietmar Eggemann,54,3,0,54,25,19,2
Martin Wilck,54,17,0,53,7,8,4
Michal Suchanek,54,7,0,56,9,0,7
Eli Britstein,54,18,5,55,0,30,2
Jiada Wang,54,6,1,75,1,0,6
Marcin Nowakowski,54,14,1,55,0,0,1
Dave Watson,54,5,1,54,2,2,0
Andreas Fenkart,54,1,0,59,4,0,3
Scott Mayhew,53,10,2,54,2,0,5
Martin Fuzzey,53,3,0,54,1,0,5
Greg Kurz,53,8,0,54,4,32,1
Andreas Larsson,53,0,0,53,7,0,1
Nicolas Boichat,53,9,0,62,6,14,2
Maxim Patlasov,53,1,0,63,1,1,0
Petr Cvek,53,0,0,53,3,0,1
Gary Bisson,53,4,3,53,7,2,1
Intiyaz Basha,53,1,1,53,0,0,0
Per Forlin,52,0,0,59,1,6,0
Taniya Das,52,3,3,64,2,2,1
Yafang Shao,52,3,0,52,0,1,0
Maxime Bizon,52,1,0,52,3,0,11
Subhash Jadavani,52,0,0,103,2,94,0
Matthias Schiffer,52,6,0,53,0,1,10
Yoshihiro Kaneko,52,1,0,177,0,0,0
Aisheng Dong,52,0,0,11,0,0,0
Dave Stevenson,52,4,3,52,2,0,2
Mike Looijmans,52,2,1,53,2,0,2
Michael Mueller,52,0,0,53,23,11,1
Casey Leedom,52,1,0,101,0,5,1
Peter Xu,51,4,0,52,2,20,3
Yonglong Liu,51,12,2,54,2,0,0
Stefano Garzarella,51,5,3,59,2,9,0
Esben Haabendal,51,9,2,51,0,6,1
Jason Yan,51,8,2,54,0,3,4
Aaron Sierra,51,1,1,63,1,1,1
Paulo Alcantara,51,8,3,53,0,32,0
Alan Brady,51,1,0,52,0,2,0
Tony Jones,51,4,0,57,2,0,4
Noa Osherovich,51,21,1,57,0,4,18
Hersen Wu,50,0,0,51,0,46,1
Michael Walle,50,14,2,52,11,0,2
Saravana Kannan,50,4,3,52,0,11,6
Roman Kiryanov,50,0,0,55,0,0,0
Sahitya Tummala,50,2,0,57,0,6,2
Babu Moger,50,1,1,87,15,19,1
Rajat Jain,50,2,0,68,9,8,2
Gustavo Pimentel,50,1,1,52,25,8,0
Jerome Marchand,50,0,0,53,3,1,4
Anisse Astier,50,2,0,50,5,3,3
Feras Daoud,50,22,1,54,0,8,0
Madhumitha Prabakaran,50,0,0,50,0,0,0
Peter Oskolkov,50,6,4,50,0,0,0
Lu Fengqi,50,4,0,51,2,13,2
Tomasz Nowicki,50,3,3,63,47,32,3
Markus Heiser,50,1,1,49,4,0,3
Yury Norov,49,2,0,54,10,4,3
Janosch Frank,49,6,2,67,0,44,0
Ranjani Sridharan,49,3,0,59,0,88,1
Aurelien Jarno,49,1,0,51,6,4,3
Stephane Grosjean,49,2,2,49,0,0,1
Heiko Schocher,49,1,0,52,4,5,2
Gregory Greenman,49,2,1,55,0,10,0
Eric Leblond,49,0,0,48,1,0,4
Kenneth Feng,49,0,0,51,0,93,0
Andrei Vagin,49,12,0,75,5,3,22
David Lin,49,0,0,53,5,6,0
Maciej Purski,49,1,0,55,0,2,0
Victor Kamensky,48,1,0,53,1,1,0
Vaibhav Jain,48,12,3,49,7,7,1
Luo Jiaxing,48,1,0,47,0,0,1
Valentin Schneider,48,4,0,48,6,10,2
Flavio Leitner,48,5,2,50,1,8,5
Lars Persson,48,6,2,54,1,5,2
Rajneesh Bhardwaj,48,5,3,57,2,2,0
Mikko Rapeli,48,0,0,47,2,1,3
Yuval Shaia,48,4,0,57,6,112,4
Atul Gupta,48,0,0,62,0,0,0
Bert Kenward,48,17,3,48,1,0,0
Miguel Ojeda,47,2,0,93,0,2,1
Miaohe Lin,47,4,0,46,0,8,0
Arthur Kiyanovski,47,24,4,63,0,0,0
Yong Zhi,47,1,1,53,0,0,1
Erik Stromdahl,47,0,0,48,0,0,0
Minwoo Im,47,1,0,48,1,36,0
Romain Izard,47,7,0,47,4,1,2
Alexey Kodanev,47,37,0,49,3,0,5
Firoz Khan,47,0,0,47,0,0,0
Mika Kahola,47,5,5,63,9,77,0
Eduardo Habkost,47,0,0,55,0,0,3
Shaoyun Liu,47,0,0,57,0,12,1
Yixun Lan,47,10,0,79,9,0,1
AceLan Kao,47,0,0,47,5,1,4
Mark Zhang,46,11,7,48,6,9,3
Amit Cohen,46,5,0,46,0,0,3
Christoph Paasch,46,15,0,68,4,5,13
Wang Long,46,0,0,47,0,0,1
Himadri Pandya,46,0,0,46,0,0,0
Vitaly Prosyak,46,0,0,45,0,5,0
Adam Borowski,46,0,0,46,6,0,7
Boqun Feng,46,3,0,46,1,2,5
Shailendra Verma,46,0,0,48,1,0,0
Oleksandr Andrushchenko,46,5,3,53,1,43,0
Sandipan Das,46,16,0,47,6,3,3
Zong Li,45,3,0,48,1,1,0
Scott Branden,45,4,1,70,10,174,0
Arvind Sankar,45,5,0,46,0,0,0
Arun Easi,45,3,0,47,0,10,0
Daniel Kiper,45,0,0,45,0,20,0
Junaid Shahid,45,3,0,45,0,7,1
Yi Li,45,0,0,49,0,1,0
Martin Kaiser,45,3,0,47,1,3,2
Ross Lagerwall,45,3,2,45,0,1,1
Jerry Hoemann,45,1,1,45,5,2,1
Zefir Kurtisi,45,1,0,44,2,0,3
Loic Pallardy,45,9,5,50,0,0,1
Prike Liang,44,0,0,44,0,6,0
Brendan Higgins,44,2,1,49,15,39,7
Christian Hewitt,44,9,3,45,6,0,1
Frieder Schrempf,44,6,1,45,8,34,0
Richard Henderson,44,0,0,41,0,12,1
Zhou Yanjie,44,0,0,27,0,0,0
Nayna Jain,44,4,0,47,7,7,1
Robin Gong,44,3,0,57,2,6,0
Peter Wu,44,7,2,47,12,19,8
Christina Quast,44,0,0,44,0,0,0
Rodrigo Siqueira,44,1,1,72,12,24,0
Shaokun Zhang,44,8,1,48,3,4,1
Milian Wolff,44,3,0,43,10,1,8
Shakeel Butt,43,14,0,47,21,62,5
John Hubbard,43,11,2,56,1,42,2
Prabhakar Kushwaha,43,1,0,52,0,2,0
Ganapathi Bhat,43,6,1,64,0,1,0
Wen Gong,43,2,0,51,1,0,1
Ritesh Harjani,43,3,1,50,2,24,1
Zhou Wang,43,8,8,53,1,6,3
Shannon Zhao,43,0,0,43,3,1,1
Chandan Rajendra,43,0,0,54,10,25,7
Yi Wang,43,11,1,31,0,0,0
Wu Hao,43,0,0,50,0,0,0
Bastien Nocera,43,0,0,45,36,15,3
Chris Park,43,0,0,46,0,18,0
Aaron Liu,43,2,0,43,0,13,1
Payal Kshirsagar,43,0,0,43,0,0,0
Sheng Yong,43,3,0,55,1,0,2
Lorenzo Colitti,43,7,2,45,3,1,4
Tycho Andersen,42,6,5,44,2,9,3
Qais Yousef,42,4,0,42,24,40,0
Manu Gautam,42,6,4,44,0,7,1
Andreas Klinger,42,2,2,42,1,0,0
Uma Shankar,42,3,2,76,1,96,1
Manish Rangankar,42,0,0,64,0,0,0
Akihiro Tsukada,42,1,1,42,0,0,0
Kent Russell,42,0,0,51,2,5,0
Joshua Clayton,42,0,0,43,0,3,0
Roderick Colenbrander,42,1,1,42,2,0,1
Bandan Das,42,1,0,43,1,2,4
Wambui Karuga,42,0,0,42,0,0,0
Arjun Vynipadath,42,4,1,46,0,0,1
Otavio Salvador,42,1,0,57,4,3,1
Jay Sternberg,42,0,0,46,0,1,0
Tommi Rantala,41,6,0,42,5,0,14
Evan Green,41,3,0,43,4,74,3
Bibby Hsieh,41,7,3,51,2,2,0
Jiaxun Yang,41,0,0,45,0,1,0
Hans Wippel,41,1,0,41,0,4,2
Jay Cornwall,41,0,0,56,5,0,1
Maurizio Lombardi,41,1,0,41,0,0,2
Michael Schmitz,41,1,1,52,145,7,3
Bhupesh Sharma,41,1,0,49,33,12,2
Christian Gmeiner,41,1,0,44,5,38,3
Eric Farman,41,3,1,41,2,27,3
Denis Kenzior,41,5,4,44,8,12,0
Okash Khawaja,41,1,0,40,0,2,0
Vince Weaver,41,0,0,40,17,0,68
Mark Greer,41,1,0,52,8,60,2
Russell Currey,41,6,0,44,2,16,0
Mohammed Gamal,41,4,0,41,0,0,3
Leilk Liu,41,0,0,46,0,0,0
Masatake YAMATO,41,0,0,42,1,0,0
Oscar Salvador,41,1,0,48,10,77,2
Kazuya Mizuguchi,41,4,0,48,2,0,4
Luiz Capitulino,41,0,0,54,8,15,3
Chen Gong,41,0,0,47,4,3,1
Matthew McClintock,41,0,0,47,0,0,0
Zhenzhong Duan,40,6,0,43,0,1,1
Sameer Pujar,40,4,2,40,0,0,0
Shuming Fan,40,0,0,41,0,0,0
Nilesh Javali,40,1,1,44,0,1,0
Boris Pismenny,40,11,0,65,0,18,0
Zhen Lei,40,3,0,42,5,1,1
Samuel Pitoiset,40,1,0,41,3,1,0
Zhao Qiang,40,2,1,40,0,0,0
Jonas Karlman,39,14,0,41,5,12,2
Jules Irenge,39,0,0,39,0,0,0
Bodo Stroesser,39,1,0,38,0,0,5
Thara Gopinath,39,0,0,44,0,0,0
Segher Boessenkool,39,2,0,39,0,7,1
Xiong Zhang,39,5,1,41,1,10,0
Bai Ping,39,1,0,45,0,0,0
Jim Qu,39,0,0,23,0,5,0
Sameeh Jubran,38,13,1,47,0,0,0
Anilkumar Kolli,38,3,0,42,0,0,0
Andrea Righi,38,3,0,42,11,1,6
Cao jin,38,0,0,38,0,6,0
Anton Ivanov,38,4,4,38,0,6,1
Don Hiatt,38,11,3,53,0,52,0
Mahesh Rajashekhara,38,0,0,43,0,21,2
Jan Luebbe,38,1,0,45,3,0,2
Pavankumar Kondeti,38,1,0,43,8,0,0
Sugar Zhang,38,0,0,39,0,0,0
Alexander Kurz,38,1,0,38,0,0,2
Guido Kiener,38,4,4,38,0,0,0
Todd Fujinaka,38,0,0,42,0,0,0
Songjun Wu,38,1,0,39,0,0,2
Banajit Goswami,38,0,0,40,0,21,0
Tushar Dave,38,2,0,40,0,2,0
Alexandre Ghiti,37,0,0,37,1,1,0
Daniele Palmas,37,0,0,37,3,0,1
Harini Katakam,37,3,0,38,0,1,0
Peng Hao,37,2,0,38,0,3,3
John Allen,37,2,1,37,0,1,1
Tomer Maimon,37,1,0,37,2,3,1
Grzegorz Jaszczyk,37,2,0,40,2,0,0
Kamal Dasu,37,7,1,39,1,7,0
Ariel Levkovich,37,5,2,41,0,1,0
Matt Helsley,37,0,0,40,4,1,0
Miroslav Lichvar,37,1,0,37,1,0,2
KarimAllah Ahmed,37,5,1,41,0,0,0
Haren Myneni,37,2,1,43,1,0,2
Sami Tolvanen,37,4,3,42,1,0,1
Wengang Wang,37,1,0,41,0,8,0
Kurt Kanzenbach,37,0,0,39,1,1,2
Jaganath Kanakkassery,37,0,0,39,0,0,0
Helen Fornazier,37,0,0,14,0,0,0
Robert Shearman,37,9,3,38,2,2,2
Jianchao Wang,37,2,0,37,1,1,2
Alex Hung,37,0,0,37,8,0,0
Shreeya Patel,37,0,0,37,0,0,0
Marco Franchi,37,0,0,41,4,0,2
Joonwoo Park,37,0,0,38,0,0,1
Akshu Agrawal,36,2,2,49,1,0,0
Rajan Vaja,36,1,0,43,0,0,0
Phil Elwell,36,8,0,37,2,4,3
Vidya Sagar,36,1,0,36,2,6,0
Rashmica Gupta,36,3,2,36,1,11,1
Laurent Dufour,36,6,3,37,8,5,4
Harish Kasiviswanathan,36,0,0,42,0,8,0
Manikanta Maddireddy,36,0,0,36,0,1,0
Weihang Li,36,5,1,81,0,0,1
Richard Leitner,36,1,0,36,5,7,0
Kristina Martsenko,36,11,4,45,1,1,3
Honghui Zhang,36,2,2,44,1,0,1
Martin Kelly,36,2,1,37,0,3,0
Tina Zhang,35,10,3,36,2,0,0
Miroslav Benes,35,2,0,40,5,31,7
Samuel Holland,35,6,0,35,0,5,1
Rakesh Pillai,35,6,4,42,0,0,0
Alexander Popov,35,2,1,35,0,1,1
Ayala Beker,35,1,1,28,0,0,0
Chuansheng Liu,35,1,0,18,1,1,3
Riku Voipio,35,1,1,38,8,4,5
Shanker Donthineni,35,3,1,35,25,0,0
Kamalesh Babulal,35,0,0,41,7,41,12
Russ Dill,35,0,0,42,1,5,2
Wang Xin,35,0,0,1,0,0,0
Aleksa Sarai,34,6,2,34,0,3,2
Jessica Yu,34,3,1,123,2,2,1
Martijn Coenen,34,1,0,42,0,8,1
Kenneth Graunke,34,0,0,39,9,27,6
Alexander Kapshuk,34,0,0,34,1,1,0
Roy Pledge,34,0,0,57,1,1,1
Chengming Gui,34,0,0,33,0,0,0
Michael Wu,34,0,0,56,0,0,0
Yauhen Kharuzhy,34,0,0,34,0,0,3
Yingjoe Chen,34,2,0,37,2,9,1
Sanjana Sanikommu,34,0,0,34,0,0,0
Peter Hutterer,34,2,0,40,5,13,1
Satish Kharat,34,0,0,34,0,2,0
Beomho Seo,34,0,0,42,0,0,0
Ladi Prosek,34,6,2,35,3,0,0
Dongli Zhang,33,7,1,33,0,0,0
Amritha Nambiar,33,3,0,33,0,0,0
Vandita Kulkarni,33,7,0,40,0,27,1
Mihail Atanassov,33,5,0,40,0,15,1
Marc Dionne,33,9,0,32,19,14,28
Kever Yang,33,0,0,39,9,17,0
Tomasz Duszynski,33,2,1,36,0,0,0
Tang Junhui,33,1,0,31,1,11,2
James Liao,33,0,0,41,0,7,0
Dominic Braun,33,0,0,33,0,0,0
Olliver Schinagl,33,0,0,37,3,0,0
Giulio Benetti,33,0,0,33,2,2,0
Aleksey Makarov,33,1,0,89,0,0,0
Anton Vasilyev,33,2,0,33,0,0,0
Dmitry Bogdanov,32,15,4,39,0,0,0
Pavel Belous,32,12,0,56,5,0,0
Nikita Danilov,32,2,1,48,13,0,0
Michael Guralnik,32,4,0,33,0,0,0
Tuong Lien,32,6,1,32,0,0,2
Pierre Morel,32,6,4,32,8,48,1
yu kuai,32,19,1,32,0,0,0
Lars Poeschel,32,1,1,32,3,0,1
Yuantian Tang,32,1,0,15,0,0,0
Peter Jones,32,2,0,45,2,2,1
Eric Whitney,32,0,0,32,4,0,7
Pramod Kumar,32,0,0,34,0,2,1
Colin Xu,32,4,0,32,2,8,1
Qiuxu Zhuo,32,2,2,35,1,0,1
Philippe Schenker,32,2,1,42,0,2,0
Igor Konopko,32,1,0,34,0,3,0
Dominique Martinet,32,2,0,76,3,1,2
Sai Praneeth,32,1,1,32,4,0,3
Halil Pasic,31,5,2,36,0,50,5
Hou Tao,31,8,0,31,3,1,2
Yonatan Cohen,31,13,1,33,0,7,0
Jeremy Cline,31,5,1,35,2,2,4
Vincent Whitchurch,31,7,0,31,1,0,2
Jerry Snitselaar,31,10,1,31,6,53,3
Kristian Evensen,31,4,3,31,1,0,3
Armen Baloyan,31,0,0,36,0,0,0
Martin Habets,31,3,0,29,0,2,0
Krzysztof Wilczynski,31,0,0,32,0,0,0
Josh Hunt,31,4,0,30,0,4,5
Patrick Bellasi,31,3,2,31,0,2,1
Weinan Li,31,4,0,34,0,0,0
Brian Starkey,31,2,0,32,5,39,3
Vijendar Mukunda,31,0,0,47,0,0,0
Ruslan Bilovol,31,1,0,34,4,9,0
Puranjay Mohan,31,0,0,31,0,0,0
Miles Chen,31,2,0,31,0,0,1
Trigger Huang,31,0,0,32,0,2,0
Xie XiuQi,31,1,0,33,0,2,3
Bhanusree Pola,31,0,0,31,0,0,0
Meelis Roos,31,0,0,29,47,0,84
Alek Du,31,1,0,36,0,0,1
Koji Matsuoka,31,1,0,36,0,0,0
Rick Farrington,31,0,0,31,0,0,2
Yash Shah,30,2,1,30,0,0,0
Eugeniu Rosca,30,10,0,46,11,17,6
Vincent Chen,30,3,0,54,0,0,1
Zenghui Yu,30,7,0,31,2,24,7
Abhi Das,30,1,1,43,2,0,1
Gang He,30,3,1,31,0,8,1
Peter Robinson,30,3,0,29,8,0,9
Anand Moon,30,2,0,30,36,9,8
Krunoslav Kovac,30,0,0,30,0,57,0
Edmund Nadolski,30,1,0,33,6,2,1
Codrin Ciubotariu,30,6,1,39,1,5,0
Daode Huang,30,0,0,46,0,1,2
Quentin Perret,30,3,1,34,3,5,4
David Jander,30,2,0,30,1,0,5
Kimberly Brown,30,1,0,30,0,0,0
Geordan Neukum,30,0,0,30,0,0,0
Vatsala Narang,30,0,0,30,0,0,0
Siva Rebbagondla,30,0,0,48,0,0,0
Sawan Chandak,30,3,1,34,0,0,0
Antony Pavlov,30,0,0,31,1,0,0
Matt Turner,30,3,0,166,6,17,5
Greg Edwards,30,5,0,33,0,0,0
Dmitry Bezrukov,29,1,0,47,0,0,1
Chen Zhou,29,2,0,30,0,0,1
Gayatri Kammela,29,0,0,34,0,0,0
Mark Salyzyn,29,2,0,96,0,0,3
Julia Cartwright,29,2,0,30,1,2,3
Salil Mehta,29,3,0,363,0,7,2
Sriharsha Basavapatna,29,5,0,45,1,1,1
Raju Rangoju,29,5,0,29,4,0,3
Rakesh Pandit,29,7,0,29,3,0,4
Sedat Dilek,29,3,0,31,87,5,44
Saurav Girepunje,29,0,0,29,0,0,0
Markus Reichl,29,0,0,29,21,0,5
Shiju Jose,29,3,3,36,1,0,0
Harald Geyer,29,0,0,30,1,2,8
Morten Rasmussen,29,0,0,40,0,1,2
Jasmin Jessich,29,0,0,44,12,1,0
Petr Tesarik,29,0,0,32,2,0,5
Chanho Park,29,1,0,29,0,1,0
Andrew Boyer,29,14,0,29,2,16,1
Jonathan McDowell,29,0,0,21,8,0,3
Dave Ertman,28,0,0,64,0,0,0
Omer Shpigelman,28,0,0,28,0,18,0
Minas Harutyunyan,28,5,1,40,3,4,0
Mohan Kumar,28,0,0,12,0,11,0
Maciej Fijalkowski,28,3,0,31,0,0,1
Manish Narani,28,0,0,28,0,0,0
John Clements,28,0,0,29,0,7,0
Finley Xiao,28,1,0,28,0,0,0
Kelsey Skunberg,28,0,0,28,0,0,0
Tristram Ha,28,3,0,28,0,0,0
Tim Blechmann,28,0,0,28,0,0,3
Jiri Bohac,28,2,1,28,0,1,3
Boyuan Zhang,28,0,0,28,0,1,0
Jan Harkes,28,0,0,47,0,0,0
Jianbo Liu,28,7,1,30,0,28,1
Jiang Biao,28,1,0,31,0,21,1
Juerg Haefliger,28,0,0,25,0,0,0
Wang Dongsheng,28,0,0,36,1,1,0
Ashutosh Dixit,28,0,0,63,0,52,0
Andreas Dannenberg,28,0,0,28,3,3,2
Alexandru Gheorghe,28,0,0,31,0,6,1
Ian Rogers,27,3,0,27,0,1,0
Vignesh Raghavendra,27,3,1,46,5,45,1
Kiran Gunda,27,1,0,40,0,2,0
Aaron Conole,27,5,2,29,1,1,0
Michael Kelley,27,4,0,27,1,103,5
Janakarajan Natarajan,27,2,0,28,0,0,0
hersen wu,27,0,0,26,0,0,0
Sumit Saxena,27,1,0,162,1,0,1
abdoulaye berthe,27,0,0,25,0,0,0
Jan Sokolowski,27,3,1,27,0,3,0
Hong Liu,27,0,0,43,1,0,2
Aviv Heller,27,5,2,34,0,8,0
Bernard Metzler,26,19,16,27,1,12,0
Madhuparna Bhowmik,26,0,0,26,2,0,0
Lorenz Bauer,26,10,1,26,0,6,4
Yunfeng Ye,26,12,0,26,0,0,0
Jia He,26,3,0,25,3,0,4
Richard Zhu,26,2,0,27,0,1,0
Andrew Gabbasov,26,7,0,34,0,0,1
Bernd Porr,26,0,0,17,0,12,3
Lasse Collin,26,0,0,25,0,0,0
Naveen M,26,0,0,24,0,0,0
Kamlakant Patel,26,0,0,31,3,0,3
David Windsor,26,0,0,152,0,56,0
Tal Gilboa,26,7,2,28,0,3,0
Florent Fourcot,26,1,1,25,1,0,1
Giovanni Cabiddu,26,1,0,37,0,0,1
Mathieu Othacehe,26,0,0,7,0,0,0
Sergei Trofimovich,26,0,0,29,7,0,4
Lowry Li,26,0,0,26,0,0,0
Arindam Nath,26,1,0,27,2,10,1
Frank Min,26,0,0,34,0,0,0
Li Dongyang,26,0,0,28,0,2,0
Suman Tripathi,26,0,0,31,1,0,0
Naohiro Aota,25,11,0,27,0,0,3
Juston Li,25,0,0,25,0,0,2
Aleksander Morgado,25,1,0,25,2,0,1
Andrew Price,25,2,2,25,2,8,2
Adham Abozaeid,25,1,0,26,0,3,0
Antonio Borneo,25,2,0,29,1,1,0
Vasant Hegde,25,1,0,27,1,7,0
Al Stone,25,2,0,28,2,9,2
Xu YiPing,25,2,0,25,0,0,0
Vincent Bernat,25,5,2,25,0,1,3
Max Kellermann,25,0,0,23,0,0,1
Xiaolei Li,25,4,1,25,1,1,0
Michael Karcher,25,1,0,23,0,0,0
Daniel Jordan,25,10,1,27,1,43,1
Greg Hackmann,25,1,0,31,1,0,0
Wei Huang,25,1,0,20,1,3,0
fred gao,25,4,1,25,0,0,0
Marcin Niestroj,25,6,0,25,0,2,0
Cristian Stoica,25,0,0,25,1,0,0
Christophe Lombard,25,3,2,37,0,6,0
Arun Parameswaran,24,5,1,24,0,8,0
Mordechay Goodstein,24,5,1,25,0,0,0
Johan Jonker,24,2,0,31,0,0,1
Liang Chen,24,0,0,25,0,0,0
Jouni Hogander,24,4,4,30,0,0,0
Clint Taylor,24,3,0,26,7,34,0
Mike Leach,24,1,0,24,2,0,1
Vu Pham,24,1,0,37,0,16,0
Arkadiusz Hiler,24,0,0,24,2,26,1
Mischa Jonker,24,0,0,27,2,0,1
Guy Levi,24,7,5,23,0,16,0
Andra Danciu,24,2,0,25,0,0,0
Farhan Ali,24,6,0,24,13,16,2
Zhiyong Tao,24,0,0,25,0,0,0
Zaibo Xu,24,0,0,24,0,1,0
Teresa Remmet,24,0,0,25,0,0,0
Srinath Mannam,24,4,1,30,3,3,0
Sabyasachi Gupta,24,0,0,27,0,0,0
Kiran Patil,24,0,0,38,1,0,1
Rohit kumar,24,1,0,29,2,2,1
Nick Bowler,24,1,0,24,8,0,16
Slawomir Stepien,24,1,1,26,0,1,0
Hoan Tran,24,1,0,32,1,1,0
Scott Bauer,24,4,2,25,4,36,4
Guchun Chen,23,1,0,23,0,59,0
Beniamin Bia,23,2,1,28,0,0,0
Paul Menzel,23,3,0,25,23,6,33
Mircea Caprioru,23,2,0,25,0,0,0
Robert Schwebel,23,0,0,31,3,0,0
Ilya Bakoulin,23,0,0,23,0,0,0
Vincent Pelletier,23,0,0,24,1,0,1
Greg KH,23,0,0,3,1,1,8
Pu Wen,23,0,0,23,0,0,0
Reza Arbab,23,3,0,25,8,1,2
Mike Manning,23,4,0,29,0,0,0
Daniel Walter,23,0,0,24,2,0,2
Meghana Madhyastha,23,0,0,23,0,0,0
Tony Krowiak,23,0,0,34,0,4,0
Brajeswar Ghosh,23,0,0,25,0,0,0
Vadim Lomovtsev,23,2,1,24,0,0,0
Ryan Lee,23,0,0,23,0,0,0
York Sun,23,0,0,29,1,0,0
Ioannis Valasakis,23,0,0,23,0,0,0
Artem Savkov,22,8,0,25,6,0,9
Luca Weiss,22,1,0,26,2,0,0
Manikanta Pubbisetty,22,3,2,25,1,0,0
Stuart Summers,22,0,0,25,0,19,0
Michael Heimpold,22,1,0,23,0,0,1
Bryan Whitehead,22,6,6,22,0,0,0
Jamal Shareef,22,0,0,22,0,0,0
Alice Michael,22,0,0,24,0,0,0
Nikolaus Voss,22,5,0,26,0,0,1
Michael Tretter,22,0,0,30,0,1,0
Jianqun Xu,22,0,0,33,4,0,0
Youquan Song,22,0,0,24,0,0,0
Denis Ciocca,22,0,0,47,2,2,0
Vedang Patel,22,1,1,23,0,2,0
Harshitha Ramamurthy,22,0,0,24,0,0,0
Annaliese McDermond,22,2,2,22,0,0,0
Sargun Dhillon,22,4,0,22,1,0,2
Bard liao,22,0,0,25,0,0,0
Patrick Venture,22,1,0,31,0,2,0
Chenbo Feng,22,0,0,25,0,0,0
Denis Bolotin,22,2,0,25,0,0,0
Felix Manlunas,22,0,0,235,1,0,0
Diana Craciun,22,1,0,24,10,11,0
Ganapatrao Kulkarni,22,0,0,27,17,3,5
Jimmy Assarsson,22,0,0,23,0,0,0
Oza Pawandeep,22,1,0,25,0,17,0
Benjamin Block,21,9,3,43,5,108,5
Paul Greenwalt,21,0,0,22,0,0,0
Christophe Roullier,21,1,0,21,0,0,0
Su Yue,21,2,0,21,1,11,4
Nikhil Devshatwar,21,0,0,25,0,0,2
Jackie Liu,21,5,2,21,0,4,0
Frederick Lawler,21,0,0,21,0,0,0
Nick Crews,21,1,1,23,1,5,0
Aaron Lewis,21,1,0,20,0,0,1
Junichi Nomura,21,16,0,0,3,0,5
Chris Paterson,21,5,0,54,1,93,0
Changwei Ge,21,0,0,22,0,19,0
Maya Nakamura,21,0,0,21,0,0,0
Shay Agroskin,21,9,4,21,0,2,0
Lionel Debieve,21,0,0,38,0,0,0
Stewart Smith,21,1,0,23,2,12,0
Shenghui Wang,21,1,0,20,2,16,1
PrasannaKumar Muralidharan,21,0,0,21,2,15,1
Vaibhav Nagarnaik,21,1,0,22,0,0,0
Steve Muckle,21,1,0,22,1,0,4
Jonathan Liu,21,6,0,21,6,0,2
Vladis Dronov,20,13,1,20,0,0,1
Lukas Bulwahn,20,11,0,20,0,1,0
Joakim Zhang,20,3,1,34,0,0,0
Jack Pham,20,7,0,25,2,0,1
Daniel Golle,20,1,0,28,1,0,2
Razvan Stefanescu,20,7,2,21,0,0,0
Bean Huo,20,4,0,20,4,25,0
Petr Vorel,20,3,0,20,1,22,1
Cezary Rojewski,20,6,0,28,0,2,0
Francesco Ruggeri,20,3,0,20,0,0,3
Kusanagi Kouichi,20,0,0,20,0,0,0
Petar Penkov,20,4,2,20,0,0,0
Jens Wiklander,20,1,0,66,0,0,0
Angelo Dureghello,20,1,0,20,27,11,4
Venkat Duvvuru,20,8,2,25,0,1,0
Simon Shields,20,1,0,21,2,2,0
John Pittman,20,3,0,20,1,1,1
Lang Cheng,20,1,1,24,0,0,0
Shyam Saini,20,1,0,22,0,0,1
Chandrakanth Patil,20,0,0,24,0,0,0
Swati Sharma,20,1,1,23,0,3,0
Tokunori Ikegami,20,0,0,20,0,5,0
Zhouyang Jia,20,0,0,20,0,0,0
Song Hongyan,20,2,0,21,0,0,0
Arun KS,20,0,0,23,3,0,0
Robbie Ko,20,5,0,20,0,0,6
Ofer Heifetz,20,2,0,20,0,3,1
Timofey Titovets,20,0,0,20,1,5,0
Lance Roy,20,0,0,20,0,0,5
Hamad Kadmany,20,0,0,25,0,0,0
Henrik Austad,20,0,0,20,7,6,1
Aleksei Mamlin,20,0,0,22,4,0,0
Chris Phlipot,20,2,0,20,0,0,0
Megha Dey,19,1,0,24,1,0,3
Can Guo,19,2,0,29,0,10,1
Mathias Kresin,19,9,0,21,0,0,5
Yintian Tao,19,0,0,20,0,1,0
Vishal Kulkarni,19,3,0,28,0,0,0
Mao Han,19,3,0,24,0,0,1
Frank Sorenson,19,0,0,19,4,0,4
Raed Salem,19,8,1,20,0,1,0
Tiezhu Yang,19,5,0,19,0,0,0
Krish Sadhukhan,19,0,0,35,0,33,1
Hou Pengyang,19,1,0,22,0,0,0
Yue Hu,19,0,0,20,0,0,1
Martin Schiller,19,5,0,20,0,0,0
Xiaochen Shen,19,13,0,19,0,0,0
Huaisheng Ye,19,0,0,19,0,0,1
Curtis Malainey,19,1,0,31,1,1,1
Xingyu Chen,19,2,0,19,1,0,1
Liu Xiang,19,3,0,19,0,0,0
Ihab Zhaika,19,1,0,19,0,0,0
Eric Long,19,0,0,19,0,0,0
Radhakrishna Sripada,19,3,0,23,0,13,2
Torsten Duwe,19,1,0,28,8,16,1
Mukesh Ojha,19,1,0,20,0,158,0
Erez Alfasi,19,5,0,19,0,1,0
Masashi Honma,19,2,2,19,0,3,0
Nikhil Badola,19,0,0,23,0,0,0
Peter Feuerer,19,0,0,22,0,7,0
Dan Haab,19,0,0,19,0,0,1
Wesley Chalmers,19,0,0,19,0,13,0
Naftali Goldstein,19,8,1,19,0,0,0
Tiwei Bie,19,3,0,19,0,0,1
Keiji Hayashibara,19,2,0,21,0,0,0
Thomas Jarosch,19,0,0,19,3,0,9
Tan Xiaojun,19,0,0,31,4,0,3
Shobhit Kukreti,19,0,0,19,0,0,0
Zhu Yingjiang,19,3,0,19,0,0,0
Kirill Marinushkin,19,2,0,19,0,0,0
Stephen Suryaputra,19,3,1,19,2,0,2
Young Xiao,19,2,0,19,0,0,1
Jack Wang,19,1,0,37,4,52,0
Uros Bizjak,19,0,0,19,1,0,0
Christopher Bostic,19,0,0,29,1,12,0
Alexandru Gagniuc,19,1,1,21,3,5,1
Raju Lakkaraju,19,0,0,19,0,0,0
Mamta Shukla,19,0,0,19,0,0,0
Enrico Scholz,19,0,0,19,0,0,1
Rafael Aquini,19,0,0,19,0,0,0
Tigran Mkrtchyan,19,1,0,22,2,0,5
Vincent Donnefort,19,0,0,21,3,0,1
Alex Estrin,19,7,1,19,1,13,2
Dan Aloni,19,0,0,20,1,0,2
Yuan Yao,19,0,0,31,0,5,0
Josip Pavic,18,0,0,18,0,1,0
He Zhe,18,6,0,18,1,0,3
Jonathan Lemon,18,7,1,18,4,1,3
Yufeng Mo,18,6,0,20,0,0,0
Doug Smythies,18,3,1,18,14,1,22
Bingbu Cao,18,0,0,18,3,4,0
Dennis Li,18,0,0,18,0,19,0
Guojia Liao,18,0,0,18,0,0,0
Nikos Tsironis,18,4,3,20,1,2,2
Gabriela Bittencourt,18,0,0,18,0,0,0
Hoang Le,18,7,1,17,1,0,4
Weiyi Lu,18,2,1,35,0,0,1
Dave Wysochanski,18,2,0,21,0,0,5
Matthias Maennich,18,2,1,19,5,13,0
Roman Kagan,18,3,0,17,0,59,2
Arseny Solokha,18,2,0,18,0,0,0
Gavi Teitz,18,2,0,18,0,2,0
Hubert Feurstein,18,1,0,19,1,0,2
Mattias Jacobsson,18,3,1,18,0,0,0
Marko Kohtala,18,1,0,18,0,0,1
Vicente Bergas,18,1,0,18,7,0,7
Rander Wang,18,0,0,21,0,0,0
Jonathan Marek,18,0,0,22,0,0,0
Shunli Wang,18,0,0,21,0,0,0
Robert Foss,18,0,0,21,10,6,1
BOUGH CHEN,18,2,0,0,0,0,0
Bo YU,18,2,0,20,0,0,0
Daniela Mormocea,18,0,0,18,0,0,0
Yu Zhang,18,1,1,18,0,0,0
Fathi Boudra,18,1,0,18,0,1,0
Frediano Ziglio,18,0,0,19,0,1,0
Derek Basehore,18,0,0,18,0,2,1
Zhao Yan,18,1,0,18,0,0,0
Chris Boot,18,0,0,24,6,0,7
Steve Sakoman,18,0,0,18,7,0,1
Grigor Tovmasyan,18,0,0,62,0,4,0
Nayan Deshmukh,18,0,0,18,0,5,0
Stephen Kitt,17,1,0,17,0,0,0
Saravanan Sekar,17,2,1,17,0,0,0
Linu Cherian,17,0,0,21,0,0,3
Tianyu Lan,17,2,0,11,1,0,2
Danit Goldberg,17,6,2,17,0,0,0
Michael Bringmann,17,3,1,16,0,0,1
Ajay Gupta,17,0,0,17,11,0,0
Alexander Lobakin,17,9,0,17,0,0,1
Stefan Mavrodiev,17,5,0,17,0,0,0
Alan Maguire,17,4,1,17,3,5,2
Marcelo Schmitt,17,0,0,16,0,3,0
Diego Calleja,17,1,0,18,0,0,0
Lianbo Jiang,17,0,0,17,2,1,1
Laurentiu Palcu,17,1,0,17,0,3,0
Christian Kujau,17,0,0,14,21,0,13
Timo Alho,17,0,0,17,2,5,0
Gustavo Romero,17,5,1,22,0,1,0
Dave Carroll,17,3,0,42,0,35,0
Michael Braun,17,1,0,16,0,0,3
Lucas Bates,17,0,0,18,2,0,5
Pankaj Gupta,17,2,1,17,2,4,1
Xue Chaojing,17,0,0,18,0,0,0
Kamenee Arumugam,17,1,0,17,0,4,0
Pankaj Bansal,17,0,0,17,0,0,1
Ulrich Weber,17,2,0,17,1,0,1
Zhengyuan Liu,17,6,0,17,0,2,1
Avinash Dayanand,17,0,0,18,0,2,0
Sugaya Taichi,17,2,2,17,1,0,0
Mesih Kilinc,17,0,0,17,0,0,0
Yannick Fertre,17,0,0,25,3,0,0
Bob Paauwe,17,0,0,17,3,41,1
Yue Haibing,17,3,0,18,0,0,0
Cezary Gapinski,17,0,0,17,0,0,0
Alan Kao,17,0,0,16,0,0,1
Ken Chalmers,17,0,0,17,0,1,0
Sergej Sawazki,17,0,0,17,0,0,0
Tom Yan,17,0,0,17,1,0,6
Darren Stevens,17,2,0,17,0,0,0
Andrew Elble,17,4,0,17,0,0,0
Philipp Rossak,17,3,0,17,1,0,1
Remi Pommarel,16,5,0,16,2,0,2
Matthias Reichl,16,2,0,18,7,0,6
Dmytro Linkin,16,12,1,16,0,3,0
Firo Yang,16,1,0,17,0,0,1
Suren Baghdasaryan,16,1,0,18,11,5,3
Pan Xiuli,16,0,0,22,1,0,0
Pascal Paillet,16,1,0,25,0,0,0
Alexandre Oliva,16,0,0,14,0,0,5
Thomas Hebb,16,4,0,20,0,0,0
Shile Zhang,16,0,0,16,0,0,0
Harry Pan,16,2,0,16,0,0,1
Michael Hernandez,16,7,2,16,0,0,0
Kevin Scott,16,0,0,25,0,0,0
Pascal Terjan,16,0,0,14,2,0,2
Niranjana Vishwanathapura,16,0,0,31,0,9,0
Matthew Bobrowski,16,1,0,16,0,1,0
Tomas Bortoli,16,3,0,16,0,1,0
Hanna Hawa,16,2,0,16,0,1,0
Benjamin Berg,16,0,0,18,3,0,0
Pawel Laszczak,16,4,4,17,0,2,1
Masayoshi Mizuma,16,3,0,19,7,2,4
Dien Pham,16,1,0,22,0,0,0
Jussi Laako,16,2,2,16,0,0,0
Surabhi Vishnoi,16,5,1,17,0,0,0
Bin Meng,16,0,0,16,1,4,0
Xiaolin Zhang,16,5,2,18,0,3,0
Naresh Kamboju,16,0,0,16,9,0,33
Kevin Lo,16,0,0,13,0,0,0
Fatemeh Darbehani,16,0,0,16,0,3,0
Patrick Havelange,16,1,1,18,0,0,0
Anton Protopopov,16,1,0,16,0,0,1
Amber Lin,16,0,0,20,1,1,0
Cristian Sicilia,16,0,0,16,0,0,0
Clark Wang,16,0,0,17,0,0,0
Zhouyi Zhou,16,0,0,18,1,0,1
Sandeep Patil,16,1,0,17,2,15,0
Masaharu Hayakawa,16,2,0,16,1,0,1
Chiranjeevi Rapolu,16,0,0,16,2,0,1
Aaron Tomlin,16,0,0,16,0,23,1
Joe Jin,16,0,0,16,0,2,2
Talat Batheesh,16,11,1,16,0,0,0
Nirmoy Das,15,0,0,15,0,2,0
Stefan Metzmacher,15,1,0,16,0,5,4
Yevgeny Kliteynik,15,2,0,22,0,4,1
Lewis Huang,15,0,0,15,0,0,0
Neeraj Upadhyay,15,6,0,17,1,0,2
Sriram R,15,1,1,13,0,0,0
Maharaja Kennadyrajan,15,0,0,17,0,0,1
Ran Wang,15,2,1,25,2,2,0
Joao Martins,15,6,0,15,0,21,0
James Ausmus,15,2,0,18,2,43,1
Naveen Manohar,15,0,0,15,0,0,0
Oleh Kravchenko,15,1,0,15,0,0,0
Jonathan Bakker,15,0,0,17,0,0,0
Jordan Lazare,15,0,0,20,0,31,0
Chris Lew,15,3,0,15,1,0,0
Julian Parkin,15,0,0,15,0,2,0
Todd Brandt,15,0,0,43,2,0,1
Viorel Suman,15,0,0,16,0,2,0
Stuart Hayes,15,1,0,17,1,0,1
Yauheni Kaliuta,15,0,0,15,1,0,13
Nathan Huckleberry,15,1,0,15,0,0,0
Tony Camuso,15,1,0,18,1,0,2
Alexander Wetzel,15,2,1,15,0,0,0
Emmanuel Vadot,15,0,0,15,0,1,2
Ben Segal,15,1,0,5,1,0,0
Rui Wang,15,1,0,24,0,1,1
Jan Kotas,15,0,0,18,4,1,4
Ricard Wanderlof,15,0,0,15,1,0,1
Lei YU,15,2,0,16,5,4,1
Jonas Rabenstein,15,0,0,20,0,0,1
Marcin Juszkiewicz,15,0,0,16,1,0,2
Rijo Thomas,15,1,1,15,0,3,0
Rayagonda Kokatanur,15,5,0,21,0,0,0
Vitor Soares,15,4,2,15,1,0,0
Yuval Avnery,15,4,0,15,0,1,1
Mariusz Bialonczyk,15,2,1,15,4,0,5
Alban Crequy,15,2,0,15,1,1,4
George Hilliard,15,0,0,15,0,0,0
Matthew Whitehead,15,0,0,15,7,1,12
Wentao Cai,15,0,0,15,0,0,0
Andreas Ziegler,15,3,0,17,1,0,3
Paul Fox,15,0,0,13,0,0,1
Hang Yuan,15,1,0,15,0,7,0
Sandy Huang,15,2,1,17,0,4,0
Alexey Skidanov,15,1,0,15,0,11,0
Macpaul Lin,15,0,0,16,0,0,1
Cameron Gutman,15,3,1,15,0,6,1
Daniel Santos,15,1,0,15,0,0,0
Amit Nischal,15,0,0,16,0,0,0
Koen Kooi,15,0,0,19,9,0,2
Janne Huttunen,15,1,0,15,0,0,0
Gaku Inami,15,1,0,25,2,0,0
Jason Andryuk,15,2,0,15,4,0,0
Zhao Chen,15,0,0,30,0,0,0
Nick Ewalt,15,0,0,15,0,0,0
Sherry Yang,15,2,1,15,0,0,0
Vinson Lee,15,5,0,18,2,0,11
Rakesh Ughreja,15,0,0,19,0,0,0
Jinbum Park,15,0,0,15,0,0,0
Oliver Upton,14,4,0,15,0,5,0
Xiaoyao Li,14,2,0,15,0,2,2
Michal Swiatkowski,14,0,0,14,0,0,0
Dragos Tarcatu,14,5,0,14,0,0,0
Sergey Organov,14,0,0,14,0,0,0
Zhan Liu,14,0,0,21,0,14,0
Nicholas Johnson,14,0,0,14,1,0,6
Jim Quinlan,14,0,0,14,0,0,3
Jiufei Xue,14,5,0,20,0,8,3
Dongdong Liu,14,4,1,16,0,1,1
Marco Elver,14,0,0,14,0,0,1
Tamizh chelvam,14,1,0,25,2,0,0
Andrey Skvortsov,14,0,0,14,0,0,2
Richard Gong,14,0,0,18,1,1,0
Jon Bloomfield,14,0,0,16,1,11,1
Aleksandr Loktionov,14,0,0,14,0,0,0
Dariusz Marcinkiewicz,14,0,0,17,0,0,0
Adit Ranadive,14,8,5,18,3,15,0
Hui Zhu,14,0,0,14,0,0,0
Mariusz Stachura,14,0,0,14,0,0,0
Artur Rojek,14,0,0,15,31,0,0
Bharath Vedartham,14,0,0,14,0,0,1
Fabien Lahoudere,14,0,0,20,0,30,0
Gen Zhang,14,3,0,14,0,0,0
Abhinav Kumar,14,0,0,15,0,14,0
Joseph Gravenor,14,0,0,14,0,0,0
Jakub Pawlak,14,0,0,15,0,0,0
Volodymyr Babchuk,14,1,0,16,0,0,1
Chris Mi,14,4,0,14,0,1,16
Lihong Yang,14,0,0,14,0,0,0
Kai Huang,14,0,0,14,0,0,1
Oz Shlomo,14,0,0,14,0,37,0
Camelia Groza,14,2,0,15,0,2,1
Shamir Rabinovitch,14,3,1,19,0,2,0
KaiChieh Chuang,14,0,0,29,0,0,0
David Kozub,14,1,0,21,0,0,0
Anil Gurumurthy,14,1,0,25,0,0,0
Yifeng Li,14,2,1,14,0,0,0
Darren Trapp,14,1,0,22,0,0,0
Aviya Erenfeld,14,1,0,14,0,0,0
Randy Li,14,0,0,14,0,0,1
Eli Cooper,14,3,0,14,0,0,1
Nipun Gupta,14,0,0,18,1,0,0
Dhaval Shah,14,0,0,14,0,0,0
Santosh Rastapur,14,0,0,37,0,0,0
Misono Tomohiro,14,3,1,8,1,4,4
Srikanth Jampala,14,1,1,16,0,11,0
Martin Leung,13,1,1,13,0,5,0
Lucas Tanure,13,0,0,13,0,0,0
Liu Song,13,1,0,13,0,1,1
Marios Pomonis,13,12,0,12,0,0,0
Qing Xu,13,0,0,15,0,0,0
Daniel Rosenberg,13,0,0,13,0,1,0
chen gong,13,0,0,13,0,0,0
Chris Down,13,0,0,14,0,0,1
Wayne Lin,13,3,0,13,0,0,0
Roman Bolshakov,13,8,0,14,1,10,0
Tung Nguyen,13,4,1,15,0,0,1
Subbaraya Sundeep,13,4,1,16,2,0,1
Honggang Li,13,4,0,16,2,0,3
Bryan Tan,13,5,2,14,0,5,0
Clemens Gruber,13,2,0,18,9,0,5
Ayman Bagabas,13,4,4,13,0,0,0
Lanqing Liu,13,0,0,13,0,0,0
Alaa Hleihel,13,11,0,15,1,0,3
Kevin Laatz,13,2,2,13,0,0,0
Krishna Yarlagadda,13,0,0,18,0,0,0
Rahul Verma,13,1,1,13,0,0,0
Alexandre Mergnat,13,1,0,13,0,0,1
Stefan Riedmueller,13,0,0,18,0,0,0
Otto Sabart,13,9,0,13,0,0,1
Alvin Lee,13,0,0,13,0,5,0
Michael Strauss,13,0,0,13,0,0,0
Jack Zhang,13,0,0,13,0,0,0
Yurii Pavlovskyi,13,0,0,13,0,0,0
Preethi Banala,13,0,0,14,0,0,1
WANG Chao,13,1,0,13,4,1,4
Shunyong Yang,13,1,0,13,2,0,0
Jakub Wilk,13,0,0,13,0,0,0
Hiromitsu Yamasaki,13,2,0,19,0,0,3
Shayenne Moura,13,0,0,13,0,1,0
Steven Chiu,13,0,0,13,0,10,0
Bernard Pidoux,13,0,0,13,2,0,4
Jeremy Fertic,13,7,0,13,0,0,0
Jorgen Hansen,13,2,0,13,0,38,1
Christoph Manszewski,13,0,0,13,0,0,0
Alan Douglas,13,4,0,13,0,0,1
Radu Rendec,13,2,1,12,0,0,3
Dongjiu Geng,13,1,0,14,0,3,0
Aymen Qader,13,0,0,13,0,0,0
Constantine Shulyupin,13,0,0,11,0,0,0
Amol Grover,12,1,0,12,2,1,0
Jim Lin,12,0,0,13,0,0,0
Xiaoguang Wang,12,1,0,11,1,0,2
Guangbin Huang,12,3,0,20,0,0,0
Sung Lee,12,0,0,13,0,0,0
Chen Wandun,12,8,0,12,0,0,0
Vivek Kasireddy,12,2,2,12,0,2,0
Daniel Verkamp,12,3,0,13,0,3,5
Adrian Huang,12,1,0,12,0,0,0
Ben Whitten,12,1,0,12,0,0,0
Eugene Syromiatnikov,12,5,0,13,0,0,6
Ashish Kumar,12,0,0,18,1,0,0
Anders Kaseorg,12,0,0,14,0,0,2
Alagu Sankar,12,0,0,12,0,0,0
Branden Bonaby,12,0,0,12,0,0,0
James Clark,12,2,0,7,0,0,0
Josef Friedl,12,0,0,12,0,0,0
Usha Ketineni,12,0,0,13,0,0,0
Nikitas Angelinas,12,0,0,13,0,3,0
Jeroen Hofstee,12,0,0,12,1,1,1
Kairui Song,12,3,1,12,0,0,0
Narendra K,12,0,0,15,1,0,1
Maciej Falkowski,12,0,0,12,0,0,0
David Frey,12,1,0,11,0,0,0
Khiem Nguyen,12,0,0,16,0,0,1
Gerd Rausch,12,3,0,15,0,1,1
Chuanhua Han,12,1,0,12,0,0,0
George McCollister,12,0,0,13,1,1,0
Bhushan Shah,12,1,0,12,1,0,0
Luis Araneda,12,1,0,12,0,0,0
Eiichi Tsukata,12,9,0,12,0,0,2
Han Xu,12,1,0,16,6,0,1
Martin Tsai,12,0,0,12,0,0,0
Noah Abradjian,12,0,0,12,0,0,0
Eyal Birger,12,2,0,13,1,4,1
Michael Petlan,12,2,0,12,3,0,15
Igor Stoppa,12,0,0,12,0,0,1
Luis Chamberlain,12,3,0,15,0,18,0
Hiroyuki Yokoyama,12,1,0,15,56,1,19
Sidong Yang,12,0,0,12,0,0,0
Jon Maxwell,12,1,0,13,0,0,0
KT Liao,12,0,0,13,0,0,0
William Cohen,12,0,0,12,2,1,7
Bhagyashri Dighole,12,0,0,12,0,0,0
Sumit Pundir,12,0,0,12,0,0,0
Alistair Strachan,12,1,1,13,1,0,0
Bruce Wang,12,0,0,12,1,1,0
Ramon Fried,12,0,0,16,1,0,1
Diego Viola,12,0,0,12,7,0,4
James Cowgill,12,6,0,12,0,0,1
Sudheer Mogilappagari,12,0,0,12,0,0,0
Igor Druzhinin,11,1,0,11,0,0,0
Johan Korsnes,11,1,0,11,0,0,0
Jonathan Kim,11,0,0,13,0,1,2
Hridya Valsaraju,11,1,0,11,0,1,0
Wen He,11,0,0,17,0,0,0
Geetha sowjanya,11,0,0,16,0,0,0
Lakshmi Ramasubramanian,11,3,3,11,0,0,0
Paul Hsieh,11,0,0,11,0,0,0
Alex Sierra,11,0,0,11,0,0,0
Julien Masson,11,0,0,11,0,0,0
Quentin Deslandes,11,0,0,11,0,3,0
Erin Lo,11,0,0,34,0,0,0
Pawan Gupta,11,1,1,13,0,0,1
Andre Heider,11,0,0,13,10,2,2
Zhigang Lu,11,0,0,8,0,0,0
Venkat Gopalakrishnan,11,0,0,16,0,7,0
Revanth Rajashekar,11,0,0,12,0,0,0
Lori Hikichi,11,1,0,14,0,1,0
Konstantin Khorenko,11,3,0,12,0,0,0
Ilya Ledvich,11,0,0,11,0,0,0
Kyle Roeschley,11,1,0,12,4,0,1
Anshuman Gupta,11,0,0,12,0,8,0
Bill Kuzeja,11,7,1,11,0,0,3
Stuart Henderson,11,1,0,12,0,0,1
Brendan Jackman,11,0,0,11,0,5,0
Adrian Ratiu,11,1,0,3,0,0,0
Ingo Franzki,11,1,0,11,0,14,0
David Riley,11,0,0,11,1,1,0
Santosh Sivaraj,11,1,0,15,1,2,0
Jan Dakinevich,11,2,0,11,0,0,0
Dragan Cvetic,11,0,0,12,8,4,0
Xiao Ni,11,3,1,11,5,2,5
Weitao Hou,11,1,0,11,0,0,0
Ramneek Mehresh,11,0,0,24,1,0,0
Eryk Brol,11,0,0,13,0,0,0
Reinhard Speyerer,11,4,0,11,0,0,0
Anand Lodnoor,11,0,0,11,0,0,0
Roland Scheidegger,11,0,0,5,0,4,1
Jules Maselbas,11,2,2,11,0,0,0
Aubrey Li,11,0,0,17,3,0,0
Lukasz Pawelczyk,11,0,0,11,0,0,0
Crt Mori,11,0,0,11,1,0,0
Radu Pirea,11,0,0,11,0,0,0
Luwei Kang,11,0,0,22,0,1,0
Philippe Cornu,11,0,0,42,23,29,0
Sebastien Bourdelin,11,0,0,11,0,0,0
Bich HEMON,11,1,1,0,0,0,0
Alison Wang,11,0,0,27,0,0,1
Emanuel Bennici,11,0,0,11,0,0,0
Kevin Strasser,11,0,0,12,1,0,1
chunhui dai,11,0,0,11,0,0,0
Peter Seiderer,11,0,0,12,0,0,1
Danny Milosavljevic,11,0,0,11,0,0,0
Chao Fan,11,0,0,11,2,0,0
Paul Elder,11,1,0,12,7,7,0
Eric Wong,11,1,0,12,4,0,3
Yanjiang Jin,11,1,0,11,0,0,1
Sihyeon Jang,11,1,0,11,0,0,0
Rabie Loulou,11,1,0,12,0,0,0
Shahar Klein,11,4,0,16,1,3,1
Paolo Cretaro,11,0,0,11,0,0,1
Eric Richter,11,0,0,17,1,0,0
Matheus Tavares,11,0,0,14,0,2,0
Ashish Samant,11,1,1,11,1,33,0
Zhimin Gu,11,0,0,11,0,0,0
Justin TerAvest,11,0,0,11,0,2,0
Wen Xiong,10,0,0,43,8,18,4
Brian Vazquez,10,5,1,12,0,0,0
Yi Zhang,10,2,0,13,10,0,23
Kent Gibson,10,4,1,11,0,0,1
Ben Gardon,10,0,0,10,0,0,1
Mikhail Zaslonko,10,2,0,10,0,1,1
Pingfan Liu,10,1,0,10,2,0,1
Leonardo Bras,10,0,0,10,0,2,0
Reza Amini,10,0,0,10,0,3,0
Venkateswara Naralasetty,10,0,0,11,1,0,0
Henry Tieman,10,0,0,15,0,0,0
Vinayak Menon,10,1,0,11,0,1,3
Like Xu,10,0,0,10,1,1,1
Piotr Sroka,10,1,0,10,0,0,0
Yangyang Li,10,4,3,14,0,0,0
Piotr Kwapulinski,10,0,0,10,0,0,0
Ashish Kalra,10,0,0,13,0,0,0
Alan Mikhak,10,2,0,10,0,0,0
Donald Dutile,10,0,0,9,4,5,0
Zhengjun Xing,10,6,0,10,0,0,0
Tom Murphy,10,0,0,11,0,0,0
Pavel Tikhomirov,10,3,0,11,1,1,2
Jaska Uimonen,10,1,1,10,0,4,0
Ralf Ramsauer,10,2,0,11,0,0,1
Konstantin Porotchkin,10,0,0,12,0,0,0
Jiaxin Yu,10,2,0,14,0,0,0
Philipp Puschmann,10,0,0,10,0,0,0
Micah Morton,10,0,0,20,0,0,0
Fam Zheng,10,1,0,10,0,4,1
Dave Taht,10,0,0,13,1,0,4
Jordan Justen,10,0,0,11,1,3,2
Frode Isaksen,10,0,0,13,0,0,0
Daniel Silsby,10,0,0,10,0,0,0
Murton Liu,10,0,0,10,0,0,0
Dennis Wassenberg,10,0,0,10,1,0,0
Balaji Pothunoori,10,1,0,14,0,0,0
Joseph Salisbury,10,1,0,11,1,0,7
Rocky Liao,10,0,0,10,2,2,1
JC Kuo,10,1,0,10,0,7,0
Sunil Muthuswamy,10,3,3,10,0,1,0
Xu Wang,10,0,0,10,0,0,0
Maarten Brock,10,0,0,10,0,0,2
Stanislav Lisovskiy,10,2,0,10,0,26,1
Eugene Korenevsky,10,0,0,10,0,0,0
Stephen Barber,10,0,0,10,5,2,1
Rick Edgecombe,10,3,2,26,0,0,1
Jia Zhang,10,4,1,10,0,0,0
Sachin Sant,10,1,0,11,13,0,26
Debabrata Banerjee,10,1,0,11,0,0,1
John Barberiz,10,0,0,10,0,1,0
Daniel Mentz,10,5,0,10,4,1,2
Lee Duncan,10,0,0,14,0,42,1
Cathy Avery,10,0,0,10,1,1,2
Christian Hohnstaedt,10,0,0,10,0,0,1
Bas Nieuwenhuizen,10,0,0,10,0,4,0
Paul Clarke,10,0,0,8,0,0,0
Manfred Schlaegl,10,1,0,13,0,0,2
Jian Hu,10,0,0,10,0,0,1
Srinivas Dasari,10,5,1,13,0,0,0
Graeme Smecher,10,3,0,9,1,0,0
Brian Welty,10,1,0,12,0,15,0
Andreas Pape,10,1,1,10,0,0,0
Li Zhijian,10,1,0,10,0,0,2
Sohil Mehta,10,1,0,11,1,2,0
Christophe Fergeau,10,0,0,10,0,0,2
Kiran Kumar,10,5,0,10,0,0,2
Gerald Baeza,10,0,0,22,0,1,0
Stefan Seyfried,10,1,0,11,3,0,6
Jun Gao,10,0,0,10,1,0,0
Vijay Immanuel,10,0,0,10,0,0,1
Marcel Ziswiler,226,2,0,233,19,17,4
David Engraf,20,3,0,19,1,0,1
Xi Wang,94,18,0,105,0,0,2
Sowjanya Komatineni,85,2,0,85,3,1,0
Bitan Biswas,11,1,0,11,1,0,3
Mars Cheng,27,0,0,30,0,0,0
Shameer Kolothum,12,2,0,16,3,0,1
James Bottomley,716,8,1,9385,11,33,12
Fabien Parent,48,2,0,56,1,0,0
Yongqiang Niu,24,3,0,26,0,0,0
Vijay Khemka,25,0,0,25,1,3,0
Sergei Shtylyov,1250,93,18,1334,2,56,36
David Francis,85,2,0,89,0,54,0
Sricharan R,88,4,2,133,3,15,2
Vasyl Gomonovych,43,0,0,48,0,0,0
Allison Henderson,20,0,0,25,3,33,0
Mao Wenan,56,29,0,57,0,0,1
James Hogan,833,117,27,1102,9,155,16
Jeff Kirsher,346,3,0,7097,1,1,3
Stefan Assmann,55,2,0,58,2,0,19
Manfred Rudigier,11,0,0,11,0,0,0
Philipp Rudo,43,11,6,45,1,16,3
Sam Ravnborg,1133,5,2,1756,4,238,9
Helen Koike,31,11,0,60,0,2,0
Jacob Chen,27,0,0,37,3,2,0
Jeffy Chen,121,20,2,130,11,6,4
Chaitanya Kulkarni,68,1,1,75,2,126,0
Ma Feng,12,1,0,12,0,0,0
Alexandre Courbot,440,6,1,453,64,187,6
Jan Beulich,704,8,0,691,3,28,38
Daniel Baluta,177,20,2,189,5,105,5
Baruch Siach,297,26,2,300,8,4,7
Michael Trimarchi,39,2,0,48,2,1,2
Christian Lamparter,488,28,8,510,27,0,4
CK Hu,11,0,0,158,0,16,1
Qiang Yu,13,4,2,23,0,3,0
Laurent Pinchart,3197,76,38,3777,73,1018,40
Bruno Thomsen,16,1,0,16,2,0,1
Brian Gerst,171,0,0,174,0,1,9
Jim Mattson,113,37,1,130,5,139,14
AKASHI Takahiro,76,2,0,79,0,1,11
Pavel Tatashin,104,16,6,116,0,65,0
Tadeusz Struk,159,6,1,181,3,4,0
Daniel Gomez,13,0,0,13,0,0,0
Stephen Warren,930,25,5,1490,267,201,26
Shawn Guo,1031,13,7,5111,126,57,16
Sean Young,365,14,6,675,3,7,3
Alexandre Torgue,56,5,0,340,2,0,1
Elliot Berman,17,0,0,17,0,0,0
Andy Lutomirski,913,70,44,964,18,102,44
Sergey Senozhatsky,229,5,1,237,25,175,32
Andrzej Pietrasiewicz,346,6,1,361,3,16,5
Stephen Brennan,10,0,0,12,0,0,0
Shiraz Saleem,68,18,4,135,1,19,4
Alex Vesker,73,25,10,81,0,31,0
Fan Li,28,0,0,7,0,0,1
Tonghao Zhang,67,10,0,67,0,0,1
Kevin Wang,166,0,0,157,1,148,0
Likun Gao,77,0,0,82,0,15,2
Xiaojie Yuan,133,4,0,134,1,44,0
Chunming Zhou,263,0,0,268,0,367,0
Heinz Mauelshagen,152,8,0,158,4,1,5
Manasi Navare,109,16,12,145,2,127,0
Jacob Pan,117,8,1,152,6,1,2
Dhinakaran Pandiyan,119,21,3,164,0,167,1
Imre Deak,791,70,19,912,10,585,22
Jason Ekstrand,13,0,0,13,1,6,6
Frederic Weisbecker,1124,3,2,1456,6,118,26
Vladimir Zapolskiy,366,41,7,387,7,54,2
Rahul Tanwar,13,0,0,13,1,0,1
Andre Przywara,252,10,3,299,47,54,22
Ying Xue,242,13,4,247,18,177,5
Cristian Marussi,16,0,0,16,2,9,3
Magnus Damm,1642,4,0,1687,8,5,19
Stanimir Varbanov,128,3,2,150,5,14,7
Punit Agrawal,71,7,0,83,1,6,2
Peter Rosin,287,32,12,343,18,24,9
Stefan Berger,68,8,3,73,35,38,3
Alexey Kardashevskiy,256,39,20,261,15,78,16
Vitaly Chikunov,19,0,0,19,0,2,0
Alexey Budankov,50,1,0,50,0,0,0
Nickey Yang,14,0,0,15,1,0,0
Claudiu Manoil,143,7,1,157,0,8,0
Ram Pai,82,10,9,92,1,20,1
Fenghua Yu,163,1,1,183,0,21,1
Paul Walmsley,687,5,0,1544,8,74,20
Ramalingam C,102,4,2,113,0,37,1
John Johansen,306,35,18,393,0,17,0
Andrey Konovalov,108,2,0,127,61,13,124
Chanho Min,22,3,0,22,0,0,7
Abdiel Janulgue,13,1,1,15,3,11,0
Oren Givon,49,2,0,50,0,0,2
Balakrishna Godavarthi,25,1,1,25,2,13,2
Adam Ford,132,17,5,131,21,1,6
Mitch Williams,328,0,0,387,0,6,1
Liran Alon,89,16,3,92,0,55,0
Eugene Crosser,32,0,0,32,0,5,0
Ilias Apalodimas,29,4,4,37,6,14,0
Yixian Liu,34,6,4,66,0,2,0
Selvin Xavier,77,13,6,151,4,3,1
Jan Stancek,25,8,0,28,15,0,40
Markus Elfring,1171,9,0,1172,0,1,3
Souptick Joarder,153,2,2,146,0,0,0
Bartlomiej Zolnierkiewicz,2453,13,1,3683,5,108,22
Sumit Garg,14,4,2,14,2,7,1
Namjae Jeon,144,0,0,158,1,65,1
Ding Xiang,27,4,0,28,0,0,0
Sreekanth Reddy,143,2,0,159,1,0,0
Ben Hutchings,1442,101,3,1582,3,102,99
Dominik Brodowski,599,3,0,872,8,7,14
Drew Davenport,15,1,0,15,0,0,0
Sharat Masetty,16,1,0,18,0,0,0
Douglas Gilbert,97,1,0,105,10,11,15
Lina Iyer,55,1,0,68,4,17,1
Sudeep Holla,417,42,16,476,39,56,12
John Ogness,42,5,0,42,5,0,1
Oliver Hartkopp,149,2,0,164,34,11,9
Sean Nyekjaer,39,5,1,39,19,8,1
Alexander Duyck,1299,51,19,1340,3,23,15
Tomasz Figa,426,6,1,548,18,413,9
Sudip Mukherjee,573,49,16,600,18,0,10
Lukasz Luba,40,1,0,40,18,22,0
Chris Chiu,34,2,0,35,2,15,3
Kamil Konieczny,33,1,1,34,1,1,0
David Abdurachmanov,16,7,1,17,2,0,3
Shmulik Ladkani,52,8,0,52,0,18,4
Nikita Yushchenko,36,4,1,39,4,0,2
Ondrej Jirman,56,7,0,66,13,0,4
Paul Durrant,62,1,0,70,1,28,0
Richard Cochran,305,4,1,317,23,8,8
Netanel Belgazal,59,9,9,61,0,0,0
Sathyanarayana Nujella,13,0,0,17,1,0,0
Pankaj Bharadiya,13,0,0,13,0,0,0
Jeffrey Hugo,93,23,5,97,22,41,2
Le Ma,88,0,0,85,0,43,0
Luben Tuikov,15,0,0,15,0,10,3
Jungseung Lee,17,0,0,17,0,0,0
Sanyog Kale,16,0,0,38,0,0,0
Shreyas NC,24,0,0,42,0,0,0
Stu Hsieh,14,0,0,43,0,0,0
Salvatore Mesoraca,10,0,0,10,0,0,0
Shan Hai,13,1,0,12,1,1,1
David Rivshin,21,11,0,21,2,0,0
Vladimir Davydov,212,13,2,216,0,71,3
Harsha Sharma,27,0,0,27,0,0,1
Ike Panhc,33,0,0,37,0,0,0
Myron Stowe,90,3,1,93,1,1,0
Raghu Vatsavayi,86,0,0,124,0,0,0
Rob Landley,66,1,0,70,0,0,7
Tal Shorer,21,0,0,21,0,0,0
Peter Feiner,14,1,0,14,0,2,1
Mathieu Xhonneux,12,2,0,12,0,0,0
Maninder Singh,31,1,0,31,0,0,3
Phillip Lougher,111,0,0,121,0,0,2
Dirk Gouders,20,0,0,20,6,1,3
Hyunchul Lee,15,0,0,16,0,0,1
Suresh Reddy,48,2,0,56,0,0,0
Karthikeyan Ramasubramanian,13,0,0,14,0,0,0
Jorge Sanjuan,18,1,0,20,1,0,0
Akshay Adiga,13,4,2,14,0,1,0
Dominik Dingel,56,0,0,58,0,17,1
Tomas Novotny,13,0,0,13,2,0,1
Nick Dyer,83,1,0,95,4,4,0
Markus Stockhausen,26,1,0,23,0,0,0
Nicolas Dufresne,12,0,0,12,3,2,4
Timur Tabi,324,7,4,343,25,47,9
Zhu Yi,291,3,0,588,0,7,0
Alberto Panizzo,46,1,0,45,0,0,0
Li Wang,13,0,0,16,6,2,5
Jaejoong Kim,20,0,0,20,0,0,0
Lawrence Brakmo,50,8,2,63,1,1,1
dann frazier,38,1,0,37,19,1,4
Cyril Bur,74,6,2,78,1,24,1
Simon Guo,61,1,1,87,0,1,1
Piotr Sawicki,14,0,0,14,0,0,0
Roman Fietze,10,0,0,10,0,0,1
Michel Pollet,18,0,0,18,0,0,0
Geoff Levand,226,0,0,302,10,2,1
Tyler Baicar,20,0,0,23,19,1,2
Michael Hanselmann,18,0,0,20,0,1,0
Bharat Bhushan,80,0,0,83,21,4,1
Anton Gerasimov,14,0,0,14,0,0,0
David Gibson,258,2,1,270,4,235,5
Sonny Jiang,13,0,0,13,3,5,0
Gao Feng,100,5,0,100,0,0,0
Peter Pan,24,0,0,3,0,0,0
Lin Huang,25,1,0,29,1,0,3
Wenyou Yang,94,1,0,105,12,1,1
Claudio Imbrenda,20,6,0,21,0,7,1
Nicolas Chauvet,10,1,0,10,8,0,6
Ilya Lesokhin,31,10,1,43,0,2,4
Xiao Guangrong,444,0,0,473,1,83,4
Tony Battersby,45,8,0,44,4,0,2
Yan Markman,13,5,0,13,0,0,0
Joshua Kinard,23,3,2,28,3,1,4
Alastair Bridgewater,20,3,0,20,0,0,2
Moses Reuben,12,0,0,12,0,0,0
Christophe Jaillet,116,31,0,20,0,0,1
Michael Scott,19,0,0,20,20,12,6
Sjoerd Simons,58,0,0,58,19,8,2
Chen Zhong,10,0,0,18,0,0,0
Olli Salonen,91,0,0,90,7,14,2
yuan linyu,11,1,1,11,0,0,0
Xunlei Pang,71,6,0,71,0,1,2
Robert Nelson,25,0,0,26,13,0,1
Kamal Mostafa,17,2,0,19,14,0,1
Simon Que,14,0,0,24,0,0,0
Jason Cooper,209,0,0,1452,1,19,1
Karim Eshapa,11,0,0,11,0,0,0
Yuval Mintz,364,19,2,843,3,31,2
Arkadi Sharshevsky,134,13,7,129,0,1,0
Avi Kivity,1113,1,0,3463,7,1,10
David Wu,60,1,0,63,3,7,0
Jaedon Shin,48,6,0,52,0,1,2
Tom Herbert,388,13,5,388,3,0,12
Marcin Ciupak,24,0,0,24,0,0,1
Quytelda Kahja,144,0,0,143,0,1,0
Ryan Hsu,21,3,0,21,1,0,0
Chunyu Hu,12,7,1,12,1,0,10
Daniel Stone,73,6,1,85,3,57,1
Xinming Hu,126,2,0,129,10,0,0
Eyal Reizer,10,0,0,20,0,0,1
Azael Avalos,111,0,0,114,0,0,0
Vitaly Andrianov,22,0,0,29,0,0,0
Rickard Strandqvist,227,0,0,228,0,2,9
Antonio Quartulli,316,2,1,713,2,0,16
peter enderborg,13,0,0,0,0,0,0
Matan Barak,186,27,21,269,0,75,0
Waldemar Rymarkiewicz,78,1,0,78,0,0,1
William Wu,24,1,0,24,0,0,0
Bharat Potnuri,12,5,0,1,0,0,0
Steven Eckhoff,10,0,0,10,0,1,0
olivier moysan,25,0,0,24,0,0,0
Simon Glass,17,0,0,22,1,22,0
Klaus Goger,19,0,0,19,4,0,0
Samuel Li,43,0,0,48,0,7,0
Peter Meerwald,317,0,0,267,2,0,4
Roman Pen,26,0,0,15,0,1,0
Shirish Pargaonkar,60,0,0,80,8,80,3
Chas Williams,35,0,0,101,0,0,0
Adam Manzanares,14,0,0,13,2,5,1
Emil Tantilov,283,0,0,289,40,0,2
Ilan Tayari,45,17,6,51,1,2,1
Robert Elliott,51,1,0,58,32,43,14
Fred Isaman,124,1,0,164,0,0,2
Andrew Perepechko,13,0,0,15,0,9,0
Fan Yong,31,0,0,32,0,87,0
Dmitry Eremin,549,5,0,92,0,197,0
James Simmons,379,2,0,1100,2,341,1
Petko Manolov,22,0,0,17,0,0,1
Ben Chan,23,1,0,24,0,0,0
Martin Hicks,22,1,0,21,1,0,0
Vincent Palatin,22,0,0,29,2,2,0
Sridhar Samudrala,77,0,0,152,1,1,2
Yossi Kuperman,12,6,1,19,0,1,0
Joonsoo Kim,306,6,1,320,0,11,11
David Vrabel,304,0,0,662,5,124,4
Alexander Monakov,16,1,0,16,0,0,0
Tim Bird,29,0,0,35,3,1,7
Franky Lin,284,1,0,407,1,331,1
Sibi S,91,9,1,0,0,0,0
Jeremy McNicoll,14,1,0,17,11,0,2
Henk Vergonet,12,0,0,12,0,0,0
Florian Zumbiehl,18,0,0,16,1,0,1
David Veenstra,19,0,0,19,0,0,0
Vikas Shivappa,53,1,0,57,0,1,0
Darren Hart,132,1,0,812,9,52,9
Uma Krishnan,75,4,1,116,2,10,0
Alim Akhtar,58,4,0,70,42,89,1
Emil Goode,56,1,0,56,0,0,1
Philippe CORNU,49,0,0,19,0,0,0
Gioh Kim,18,0,0,20,1,2,1
Pravin Shedge,28,0,0,28,0,0,0
Markus Niebel,11,1,0,13,0,0,0
Dirk Hohndel,27,0,0,27,5,0,2
Pixel Ding,11,0,0,13,0,3,0
Philippe Bergheaud,18,2,2,19,0,1,0
Lai Siyao,20,0,0,27,0,108,0
Kumar Sanghvi,58,1,1,61,0,0,1
Doug Oucharek,14,1,0,18,0,138,1
Claudio Scordino,20,0,0,26,1,0,0
Minghuan Lian,36,0,0,46,3,32,0
Chandra Konduru,25,0,0,27,0,9,0
Eryu Guan,48,9,2,48,9,1,29
Steven Rostedt,2533,148,23,4284,54,227,82
Sebastian Sanchez,70,6,3,74,0,37,0
Alexandru Moise,18,1,0,18,1,0,2
Mustafa Ismail,44,15,0,79,0,0,0
Tomohiro Kusumi,48,0,0,52,0,0,0
Hongchao Zhang,13,0,0,13,0,2,0
Li Xi,25,2,0,24,0,7,0
Anthoine Bourgeois,13,0,0,13,2,0,1
Rich Felker,44,1,1,65,1,0,5
Yasunari Takiguchi,15,0,0,15,0,1,0
Devin Heitmueller,349,1,0,374,1,22,1
Paul Handrigan,17,0,0,17,0,0,0
Tom Gundersen,18,0,0,23,7,11,8
Stefan Schake,16,4,1,16,0,1,0
Tobias Jakobi,76,0,0,79,22,14,8
Alex Smith,43,1,0,45,14,13,0
Rob Gardner,14,0,0,15,0,5,1
Lance Richardson,19,8,0,19,0,0,1
Tobias Regnery,35,15,3,35,0,0,2
Kittipon Meesompop,10,0,0,10,0,0,0
Jason Low,46,1,0,47,14,2,0
Wei Xu,12,0,0,280,19,1,3
Eliad Peller,544,6,3,630,2,7,9
Gianluca Borello,13,3,0,13,0,0,0
Michael Lyle,17,2,1,29,1,55,2
Amitkumar Karwar,409,14,0,737,6,4,1
Feng Kan,31,1,0,43,0,0,1
zain wang,19,0,0,25,0,0,0
Bobi Jam,40,0,0,47,0,133,0
Niu Yawei,40,0,0,43,0,36,0
Vitaly Fertman,15,0,0,17,0,14,0
David Henningsson,292,3,2,297,2,6,10
Luca Ellero,132,0,0,132,0,0,0
WingMan Kwok,22,0,0,33,0,0,0
Sam Hansen,10,0,0,10,0,0,0
Matt Porter,160,0,0,207,9,53,0
Andrey Gusakov,14,0,0,18,1,1,0
Alan Jenkins,88,0,0,89,8,1,9
Ben Goz,50,0,0,57,0,10,0
Don Zickus,138,0,0,173,6,37,10
Alexandre Bounine,140,0,0,154,1,0,0
Mateusz Guzik,18,0,0,19,1,0,4
Shawn Nematbakhsh,14,1,0,14,0,0,1
Satoru Takeuchi,44,0,0,47,5,15,1
Michael Cree,24,0,0,33,14,0,6
Aviad Yehezkel,21,1,0,38,0,5,0
Gabriele Paoloni,17,1,0,31,0,3,0
Paul Parsons,49,0,0,50,8,0,7
Frans Meulenbroeks,34,0,0,39,0,0,0
Matt Evans,23,0,0,47,0,0,4
Masaki Ota,17,4,1,17,0,1,0
David Lebrun,34,6,1,35,0,0,0
LEROY Christophe,117,5,3,0,0,0,1
Paul McQuade,22,0,0,25,0,0,0
Andrew Banman,21,1,0,21,1,9,2
Inbar Karmy,15,5,0,16,0,0,0
Guan Xuetao,23,0,0,65,2,0,0
Aaron Wu,13,0,0,13,0,0,0
Martin Townsend,13,0,0,13,0,0,2
Sven Wegener,54,0,0,53,0,0,1
Milton Miller,174,3,0,201,2,0,6
Jian Zhang,29,1,0,1,0,0,0
Stanislav Nijnikov,12,0,0,12,0,2,0
Aishwarya Pant,72,0,0,71,0,0,0
Eric Engestrom,51,1,1,51,1,31,0
Khalid Aziz,28,0,0,29,5,24,1
Daniel Gimpelevich,10,0,0,11,0,0,1
John Youn,139,10,5,243,43,0,2
Matt Brown,11,0,0,11,0,0,0
Sonny Rao,36,1,0,35,2,9,1
David Daney,624,5,1,677,12,11,24
Chris Zhong,86,1,0,98,20,27,4
Beni Lev,14,2,0,15,0,1,0
Jesper Nilsson,339,0,0,287,1,1,0
Henry Orosco,28,2,0,48,0,0,0
Jaehoon Chung,152,6,2,273,41,17,3
Joern Engel,108,0,0,133,1,4,5
Tatyana Nikolova,54,6,0,67,0,6,0
Filip Sadowski,13,0,0,13,0,0,0
Andrey Yurovsky,25,0,0,40,4,20,0
Mike Frysinger,1203,0,0,1910,10,1,20
Jackie Li,26,5,2,6,0,1,0
Bogdan Purcareata,22,0,0,32,0,0,0
Ken Chen,31,0,0,98,0,1,0
Guneshwor Singh,29,1,0,68,0,0,0
Vardan Mikayelyan,43,1,0,44,0,1,0
Sevak Arakelyan,13,0,0,16,0,0,0
Razmik Karapetyan,14,0,0,14,0,0,0
Eddie Wai,75,1,0,90,0,7,0
Shunqian Zheng,13,1,0,21,0,0,0
Wu Fengguang,386,8,0,381,9,40,40
Prasad Kanneganti,10,0,0,10,0,0,0
Brandon Streiff,11,0,0,11,0,0,0
Thomas Daniel,16,0,0,24,0,36,0
Jack M,325,66,16,0,0,0,0
Jonathan Brassow,106,1,0,123,0,14,5
Tomoki Sekiyama,14,0,0,14,0,0,0
Evgeny Plehov,13,0,0,19,0,0,0
Ravikumar Kattekola,14,4,0,17,0,0,1
Nogah Frankel,101,7,1,104,1,5,1
Troy Kisky,97,0,0,101,2,0,2
Wojciech Dubowik,12,1,1,21,3,0,3
Roger He,41,0,0,41,1,35,0
Boaz Harrosh,308,0,0,358,5,8,4
James Chapman,65,5,0,97,0,0,0
Pratyush Anand,88,1,0,97,17,16,5
weiping zhang,37,0,0,38,0,0,0
Mark Lord,171,1,0,159,4,0,3
Artur Paszkiewicz,20,4,1,21,1,7,0
Ben Gardner,26,0,0,36,1,0,0
Eugenia Emantayev,83,24,7,111,0,1,0
Andrew Jiang,27,0,0,28,0,5,0
Prashant Sreedharan,20,0,0,23,0,0,0
Krzysztof Mazur,21,0,0,20,6,1,1
Haixia Shi,10,0,0,10,2,0,0
Aliaksei Karaliou,12,0,0,13,0,0,0
David Kershner,290,3,1,618,5,1,0
Tim Sell,79,6,0,84,0,270,0
Yinghai Lu,1271,30,18,1269,16,47,50
Fabien DESSENNE,16,0,0,0,0,0,0
Corentin LABBE,78,3,0,1,4,0,0
Wadim Egorov,20,0,0,20,1,1,0
Florian Echtler,22,0,0,22,2,0,0
David Weinehall,19,2,0,19,10,82,6
Sarangdhar Joshi,20,0,0,21,0,2,0
Yaowei Bai,88,0,0,88,0,0,0
Vincent Legoll,14,0,0,14,0,0,0
Ralf Baechle,2160,2,1,7706,3,1,8
Pei Zhang,12,0,0,16,0,0,1
Ed Swierk,17,0,0,15,0,0,3
Nitin Gupta,62,1,1,66,0,4,3
Byongho Lee,10,0,0,10,0,0,0
alex chen,17,1,0,0,0,0,0
Yang Zhang,33,0,0,47,0,2,1
Peter Oh,41,1,0,41,0,0,0
Keith Packard,215,1,1,456,7,99,5
Allen Hubbe,35,2,0,37,1,2,1
Harsha Priya,25,0,0,58,0,0,1
Jens Freimann,42,0,0,42,0,14,0
Francois Romieu,343,0,0,455,1,2,2
Laurence Evans,12,1,0,3,0,0,0
Dan Streetman,85,7,4,88,2,14,4
Ganesh Mahendran,16,0,0,18,0,1,2
Zhang Shengju,41,1,0,41,2,0,0
Carl Heymann,14,3,3,14,0,0,0
Daeho Jeong,16,1,1,16,0,0,0
Miodrag Dinic,11,0,0,44,0,1,0
David Decotigny,39,0,0,60,0,0,0
Donglin Peng,12,0,0,2,0,0,1
Sathya Perla,229,9,7,411,0,2,1
Tina Ruchandani,37,0,0,38,0,0,0
Steven Whitehouse,804,0,0,1411,0,11,1
Haozhong Zhang,24,3,0,25,2,1,5
Tomasz Majchrzak,15,0,0,15,1,1,0
Rusty Russell,1089,3,0,1993,2,23,14
Martin Peres,107,1,1,133,8,52,8
Hector Martin,11,0,0,11,6,0,1
Ivaylo Dimitrov,29,0,0,40,8,0,4
Jesse Chan,13,0,0,13,0,0,0
Lazar Alexei,11,0,0,11,0,0,0
Ian Molton,95,0,0,98,2,11,5
Jike Song,32,1,0,44,0,9,1
Derek Robson,87,0,0,87,0,0,0
Wang Nan,333,12,4,347,21,0,7
Karsten Merker,11,0,0,11,0,1,1
Valentin Ilie,13,0,0,13,0,0,0
Egil Hjelmeland,38,1,1,38,0,1,3
Wolfgang Grandegger,93,0,0,105,1,1,2
Romain Perier,127,9,4,131,4,3,0
Damien Riegel,50,0,0,50,1,2,0
Jan Engelhardt,458,1,0,462,6,0,11
Matthieu CASTET,73,0,0,62,0,0,10
SZ Lin,17,0,0,17,0,0,0
Michael Turquette,107,1,0,376,1,17,1
Rick Altherr,10,0,0,11,0,2,0
Alexander Kochetkov,31,6,1,31,0,0,0
Krzysztof Adamski,18,0,0,31,0,3,3
Rudolf Marek,53,0,0,55,0,0,0
Nicolas Iooss,79,19,0,82,0,0,4
Kevin Cernekee,191,2,0,201,4,8,3
Aleksandar Markovic,33,23,0,53,0,0,0
Matthias Schwarzott,104,0,0,107,1,2,1
Dmitry Kasatkin,197,0,0,214,1,2,9
Rakib Mullick,63,0,0,58,0,0,6
Markus Trippelsdorf,25,4,0,22,16,0,54
yangbo lu,25,2,1,0,0,0,0
Girish Moodalbail,13,6,0,13,0,1,0
Calvin Owens,23,3,0,23,0,0,4
Baoyou Xie,132,0,0,132,0,3,0
Dean A,36,0,0,0,0,0,0
Srishti Sharma,24,0,0,23,0,0,0
Justin Maggard,10,2,0,9,1,0,3
Jason Wessel,200,0,0,286,3,0,3
David Milburn,23,2,0,20,4,1,3
Chris Metcalf,465,1,0,536,1,21,2
Dongjin Kim,16,0,0,18,1,1,0
Bhaktipriya Shridhar,204,0,0,204,0,0,0
Shrikrishna Khare,22,0,0,24,0,0,0
Andrea Adami,24,0,0,25,1,0,5
Masakazu Mokuno,55,0,0,55,0,0,0
Ramesh Shanmugasundaram,31,0,0,58,1,6,3
Vladimir Barinov,108,1,0,177,0,1,2
Mirza Krak,11,0,0,11,1,0,0
Lv Zheng,510,31,28,1034,0,0,1
Cihangir Akturk,36,2,0,36,0,0,0
Chris Fries,13,0,0,4,0,0,1
Tom Saeger,20,0,0,20,0,3,0
Eric Sesterhenn,206,1,0,210,4,0,15
Gargi Sharma,57,0,0,57,0,0,0
Christos Gkekas,25,0,0,25,0,0,0
Andreas Rohner,11,0,0,11,3,0,0
Stephen Bates,10,1,1,21,8,24,5
Julian Scheel,15,0,0,15,0,0,0
Michael Holzheu,243,12,9,248,9,22,11
Fan Du,52,1,0,65,1,0,3
Jaewon Kim,30,1,0,35,0,1,0
Tahsin Erdogan,62,11,1,63,3,0,2
Sumit Semwal,34,2,0,168,1,54,2
Ed Blake,24,0,0,24,0,0,1
Vijay Kumar,37,0,0,41,0,12,0
Simon Guinot,76,6,2,76,7,0,3
Harald Welte,139,0,0,196,0,0,1
Roy Franz,28,0,0,29,1,5,0
Ken Wang,47,0,0,49,0,74,0
Andy Zhou,35,0,0,49,0,0,0
Vaidyanathan Srinivasan,30,0,0,31,2,13,1
Steve Grubb,37,0,0,33,1,0,8
Loc Ho,42,2,2,59,4,4,1
Akshay Bhat,21,0,0,30,1,2,0
Dick Kennedy,38,0,0,646,0,1,1
Yi Yang,13,0,0,13,0,0,0
Eric Nelson,22,0,0,23,4,0,1
Zhou Chengming,11,1,0,11,0,0,0
Salvatore Benedetto,16,0,0,16,0,0,1
Tomas Melin,11,0,0,11,1,0,1
Kirtika Ruchandani,22,20,0,22,0,0,1
Craig Gallek,41,17,8,41,0,0,1
Stefan Kristiansson,23,1,0,24,0,0,0
Jeff McGee,14,0,0,18,0,17,0
Adriana Reus,27,1,0,27,0,0,0
Yair Shachar,10,0,0,10,0,1,0
James Hartley,10,2,0,13,1,14,0
Vishwanath Pai,10,2,2,11,0,0,0
Yotam Gigi,85,13,4,102,2,12,2
Rocky Hao,13,0,0,13,1,0,2
James Ban,14,0,0,14,0,0,0
Li Bin,22,2,0,24,0,0,0
Karun Eagalapati,23,0,0,23,0,0,0
Aastha Gupta,40,0,0,40,0,0,0
Alexandre Bailon,69,3,0,71,1,0,4
Jerry Zuo,15,0,0,15,0,1,1
Nik Nyby,21,0,0,21,0,0,0
Dave Gordon,85,2,0,97,0,47,2
Scott Teel,26,0,0,27,0,251,0
sayli karnik,49,0,0,49,0,0,0
Mihaela Muraru,25,0,0,25,0,0,0
Steve Lin,10,0,0,13,0,1,0
Georgiana Chelu,20,0,0,20,0,0,0
Viswas G,19,0,0,42,0,0,0
Kurt Garloff,13,0,0,13,0,0,1
Pavel Roskin,203,0,0,217,19,3,20
Suniel Mahesh,19,1,0,22,0,0,0
Duane Grigsby,12,0,0,13,0,0,0
Hoegeun Kwon,23,0,0,24,5,3,0
Yijing Wang,201,1,0,230,23,17,0
Peter Foley,42,0,0,43,0,0,1
Christopher Spinrath,14,1,0,16,1,0,0
Michal Marek,260,5,0,1200,1,18,1
Vitaly Mayatskikh,11,0,0,10,2,0,1
Behan Webster,44,0,0,68,0,0,1
Uladzislau Rezki,20,1,1,20,0,4,0
Luca Abeni,24,1,0,29,3,9,4
Ding Tianhong,16,2,0,150,2,6,5
Harvey Hunt,23,3,0,29,2,3,1
Kelvin Cheung,31,0,0,32,0,0,0
Yasunori Goto,64,0,0,75,2,0,2
Kautuk Consul,35,0,0,36,0,0,1
anish kumar,22,0,0,23,0,0,0
Tsutomu Itoh,56,1,0,56,6,1,15
simran singhal,90,0,0,90,0,0,0
Keerthi Reddy,12,0,0,12,0,0,0
Shrirang Bagul,10,0,0,9,0,0,1
Soren Brinkmann,163,0,0,173,4,10,1
Ethan Zhao,15,0,0,18,0,2,2
Aviad Krawczyk,26,0,0,26,0,0,0
Sameer Wadgaonkar,75,0,0,75,0,20,0
David Binder,105,0,0,102,0,52,0
Harish Chegondi,54,2,0,63,0,35,0
Darren Salt,13,0,0,21,5,0,0
Corbin McElhanney,13,0,0,12,0,0,0
Zeyu Fan,24,0,0,24,0,5,0
Amy Zhang,19,0,0,19,0,0,0
Leon Elazar,16,0,0,16,0,0,0
Ben Widawsky,540,0,0,589,14,248,4
Katie Dunne,16,0,0,16,0,0,0
Valentin Rothberg,74,5,0,78,0,0,13
Alex Ng,24,1,0,25,34,2,1
Guy Shapiro,13,0,0,18,0,1,0
Thomas Garnier,30,4,3,32,1,1,0
Nikola Pajkovsky,11,2,0,11,0,0,0
Petr Vandrovec,31,1,0,39,1,0,5
Iyappan Subramanian,111,0,0,153,0,0,0
Nobuhiro Iwamatsu,211,0,0,219,7,7,8
Haim Dreyfuss,60,7,3,64,0,0,2
Stefan Agner,450,31,3,480,25,72,12
Yinbo Zhu,17,1,0,33,0,0,0
Peng Ma,23,0,0,24,2,2,0
Andi Shyti,98,2,1,101,12,88,1
James Smart,1379,25,19,1476,7,84,1
Himanshu Madhani,140,16,0,641,66,71,3
Quinn Tran,271,48,16,282,1,5,0
Shyam Sundar,27,0,0,28,1,0,0
Soeren Moch,25,5,0,31,4,0,3
Jiangfeng Xiao,19,1,0,19,0,0,0
Stefan Hajnoczi,154,2,0,167,0,114,5
Oleksij Rempel,269,17,2,273,5,21,5
David Jeffery,17,1,0,15,1,0,9
Jacopo Mondi,222,21,5,231,63,92,3
Justin Chen,22,1,0,23,1,2,1
Yang Yingliang,42,7,1,46,1,0,4
Kamel Bouhara,11,0,0,11,0,0,0
Fabrizio Castro,341,17,5,347,6,143,1
Chris Brandt,122,12,5,123,24,0,2
Tova Mussai,15,0,0,15,0,0,0
Andreas Schwab,107,10,0,108,11,0,25
Zhang Rui,392,8,3,945,3,6,8
Joe Carnuccio,128,1,1,124,0,0,0
Doug Berger,89,38,2,94,0,1,0
John Hurley,121,25,11,121,0,86,1
Phil Sutter,153,11,0,155,4,1,10
Varun Prakash,113,1,0,115,0,0,1
Erik Kaneda,81,6,4,7,0,0,0
Federico Vaga,73,1,0,75,0,3,1
Atish Patra,38,1,0,50,2,26,2
Dedy Lansky,62,0,0,70,0,0,0
Ahmad Masri,24,0,0,24,0,0,0
Brian Foster,409,7,2,412,10,774,18
Stanislaw Gruszka,868,33,13,928,6,18,19
Gurchetan Singh,13,2,1,13,1,14,1
Yuanjiang Yu,11,0,0,11,0,0,0
Andrey Grodzovsky,240,2,1,247,2,94,0
Samson Tam,17,0,0,17,0,0,0
Hugo Hu,11,0,0,11,0,3,0
Joshua Aberback,27,0,0,27,0,7,0
Emily Deng,74,0,0,77,3,25,0
Philip Yang,36,0,0,39,19,14,0
Ben Zhang,28,0,0,33,0,1,0
Wright Feng,18,0,0,21,0,1,0
Phong Tran,38,0,0,38,4,0,0
Austin Kim,12,0,0,12,0,0,1
Eduardo Abinader,10,0,0,10,0,0,0
Rajmohan Mani,16,1,0,22,7,0,1
Zumeng Chen,11,0,0,10,1,0,1
Jason Gerecke,177,23,5,178,29,61,1
Even Xu,16,0,0,16,0,0,0
Ludovic Barre,103,0,0,123,4,6,0
Enrico Weigelt,95,4,2,25,0,63,0
Joonas Lahtinen,130,13,3,427,2,1075,5
Andrey Ryabinin,195,41,7,205,3,50,15
Paul Mackerras,1262,61,24,4981,8,46,26
Kieran Bingham,185,13,4,219,13,212,3
Dave Gerlach,130,8,3,162,12,1,4
Biao Huang,27,5,1,27,0,4,0
zhong jiang,184,8,0,185,1,0,1
Roman Penyaev,11,0,0,11,0,3,0
Suwan Kim,11,3,3,11,0,0,0
Alexander Shishkin,360,35,22,476,8,13,9
Oleg Nesterov,1434,14,2,1497,3,143,57
Johannes Weiner,586,30,20,626,0,45,14
Alex Williamson,384,26,5,645,15,55,19
Ivan Mikhaylov,26,2,1,26,0,0,0
Tao Ren,24,1,0,25,1,1,0
Andrew Jeffery,155,16,10,173,6,98,2
Jitao Shi,17,1,1,18,0,0,0
Gabriel Fernandez,110,11,9,177,5,0,3
Dong Aisheng,228,9,0,308,8,80,3
Prashant Bhole,52,18,0,52,1,0,2
Paul Chaignon,12,4,0,12,1,0,0
Andrew Donnellan,69,15,3,76,9,139,5
Ludovic Desroches,215,15,3,296,38,6,1
Chaotian Jing,53,4,0,64,0,4,0
Simon Geis,10,0,0,10,0,0,0
Aaron Ma,24,1,0,23,2,0,1
Katsuhiro Suzuki,92,2,0,92,8,0,2
Animesh Manna,26,2,2,44,0,9,0
Dragos Bogdan,11,2,0,13,3,0,0
Neil Armstrong,660,73,48,883,75,264,1
Maxime Jourdan,34,2,1,34,3,8,2
Rajendra Nayak,308,5,3,395,57,27,12
Cristian Birsan,17,3,0,19,0,0,0
Vivien Didelot,653,29,14,657,22,209,4
Todd Kjos,60,5,4,66,0,5,0
Thomas Falcon,149,6,4,152,1,2,0
Srikar Dronamraju,84,6,2,86,7,34,12
Priit Laes,72,4,0,85,2,0,4
Vandana BN,22,0,0,22,0,0,0
Pavel Shilovsky,347,3,0,369,0,282,0
Kirill Tkhai,344,9,2,344,1,31,13
Xiongfeng Wang,23,0,0,24,20,0,1
Christoph Fritz,48,0,0,51,9,1,5
Kevin Hilman,696,1,1,2453,351,526,51
Heiko Carstens,1820,47,9,2263,19,195,47
Yufen Yu,33,9,2,33,0,0,5
Sylwester Nawrocki,848,13,4,1495,62,203,12
Abel Vesa,64,6,0,78,0,49,1
Iuliana Prodan,33,7,1,35,5,7,0
Jonathan Cameron,972,9,0,5928,22,75,25
Quan Nguyen,19,1,0,43,0,0,0
Sharon Dvir,17,2,0,17,0,0,1
Guodong Xu,45,1,0,67,0,0,0
Milosz Tanski,17,0,0,18,3,3,1
Colin Cross,188,0,0,228,5,0,5
Alex Frid,10,1,0,9,0,0,0
Darren Trap,16,1,0,2,0,0,0
Alexander Kuleshov,78,0,0,78,1,0,0
Philipp Reisner,478,1,0,1304,0,0,0
Hu Ziji,12,0,0,12,0,0,0
Addy Ke,19,1,0,27,0,0,2
Will Newton,36,0,0,34,4,0,3
Liam Breck,27,8,0,30,0,0,0
Oskar Schirmer,42,0,0,50,0,0,2
Nathan Sullivan,18,1,0,22,0,0,0
Noam Camus,61,1,1,70,0,0,4
Carlos Palminha,42,0,0,42,0,0,0
LABBE Corentin,177,4,4,118,1,0,0
WANG Cong,330,69,21,216,1,61,1
Annie Li,13,0,0,11,1,0,1
Jeeja KP,191,1,0,260,3,0,0
Ramesh Babu,12,0,0,30,1,0,0
stephen hemminger,619,13,7,0,0,0,0
Varadarajan Narayanan,28,0,0,33,1,0,0
Tom Rini,23,1,0,26,12,3,2
Stephan Gatzka,10,0,0,10,1,0,0
Sachin Prabhu,72,0,0,74,2,4,2
Frank Wang,24,0,0,34,0,0,0
Ben Evans,14,0,0,15,0,30,0
Dasaratharaman Chandramouli,59,0,0,85,0,6,0
Rabin Vincent,375,16,1,389,11,6,19
Simon Xue,11,0,0,14,0,0,0
Jemma Denson,30,0,0,30,0,0,0
Jamie Iles,178,0,0,184,9,41,4
Krzysztof Opasiak,48,5,0,63,2,20,1
Jonathan Richardson,13,0,0,13,12,3,1
Liping Zhang,126,42,0,128,1,0,3
Graeme Gregory,66,0,0,85,0,6,1
Sukumar Ghorai,18,0,0,19,2,0,0
Yunzhi Li,11,0,0,13,0,0,0
Zhangfei Gao,89,0,0,110,1,25,1
Jag Raman,30,0,0,0,0,0,0
Anju T,39,7,3,43,1,0,0
Sanchayan Maity,36,1,0,36,0,0,0
Liu Shuo,16,0,0,12,0,0,0
Martin Peschke,54,0,0,73,1,8,0
Chuanxiao Dong,57,7,1,69,1,3,2
Ping Gao,29,0,0,30,0,0,0
Haibo Chen,27,2,1,47,1,0,0
Dmitry Tunin,22,0,0,22,0,0,0
Tiffany Lin,33,2,0,39,0,2,0
Dean Jenkins,33,0,0,34,0,0,0
Miao Xie,344,0,0,391,1,44,6
Steffen Trumtrar,103,0,0,126,10,7,3
Dharageswari R,21,0,0,29,1,0,0
Dima Zavin,23,1,0,24,0,1,2
David Matlack,34,0,0,34,1,14,1
Egbert Eich,52,0,0,55,2,9,1
Binoy Jayan,39,0,0,39,0,0,0
Alexey Klimov,85,1,0,90,0,3,2
Nathaniel Clark,14,0,0,15,0,21,0
Sebastien Buisson,24,0,0,25,0,17,0
Andriy Skulysh,22,0,0,23,0,11,0
Wincy Van,11,0,0,11,0,4,1
Alexandre TORGUE,78,1,0,167,26,3,0
Prabhakar Lad,47,3,0,2,4,1,4
David Dillow,40,1,0,48,2,5,0
Krister Johansen,12,2,0,11,2,0,2
Alex Xie,38,0,0,38,0,12,0
Liang Li,13,0,0,16,0,0,1
Wanlong Gao,68,1,0,72,27,22,3
Matvejchikov Ilya,12,0,0,9,0,0,1
Kalesh AP,54,3,1,78,0,0,0
Qiao Zhou,23,0,0,25,0,0,0
Hari Prasath,61,0,0,60,0,0,0
Steve Dickson,29,1,0,51,7,17,9
Alexei Potashnik,11,0,0,14,0,0,1
Erik Arfvidson,86,0,0,88,0,0,0
Mateusz Jurczyk,13,2,0,13,0,0,0
David Gstir,15,3,2,18,0,10,1
Petr Kulhavy,29,0,0,29,0,0,0
Enrico Mioso,14,0,0,13,3,1,2
John Brooks,10,3,0,10,0,0,0
Peng Tao,262,2,0,390,0,18,6
Zheng Li,72,0,0,5,0,0,0
Alban Browaeys,17,2,0,17,1,0,14
Jim Baxter,11,0,0,13,0,1,2
Ian Munsie,110,3,2,120,0,3,3
Jon Cooper,30,0,0,0,0,0,0
Nandor Han,11,0,0,15,0,1,2
Leonid Yegoshin,85,2,2,84,0,4,1
Mengdong Lin,110,0,0,123,2,0,3
Karl Beldan,63,7,2,66,0,0,3
Pantelis Antoniou,49,0,0,52,0,0,1
Ralph Metzler,15,0,0,17,1,0,0
Octavian Purdila,99,0,0,114,1,12,2
Eric Ren,10,1,0,10,2,7,1
Frans Klaver,106,0,0,108,1,2,1
Puthikorn Voravootivat,12,0,0,12,4,1,0
Vlad Yasevich,402,11,1,481,0,10,6
Zach Brown,110,1,0,117,2,28,3
Jiancheng Xue,21,1,0,44,0,4,0
Xiaoguang Chen,12,0,0,12,0,1,0
Sebastian Siewior,127,1,0,101,3,1,4
Andrey Utkin,44,2,0,45,4,4,0
Ralph Sennhauser,28,2,0,32,6,1,4
Igal Liberman,25,0,0,28,0,0,2
Li Wei,15,0,0,22,0,8,1
Aurelien Jacquiot,17,0,0,23,0,0,0
Chen Feng,23,1,0,27,0,2,2
Olav Haugan,12,0,0,12,0,0,0
Robert Bragg,30,0,0,29,0,6,0
Ram Amrani,46,4,2,82,1,1,1
Bryan Freed,16,0,0,15,0,2,0
Laxman Dewangan,549,1,0,568,3,3,1
Martin Michlmayr,81,0,0,88,17,0,5
Philippe Reynes,268,1,0,273,1,1,1
Michal Schmidt,96,2,0,97,7,2,5
Alan Cox,2055,0,0,2705,5,97,30
Minghsiu Tsai,13,0,0,19,0,0,0
Garlic Tseng,13,0,0,13,3,4,0
Steven Toth,362,0,0,405,1,11,0
Frank Schaefer,215,0,0,5,0,0,0
Marek Belisko,219,0,0,227,12,1,1
Ido Shamay,39,5,1,44,0,0,1
Yang Li,11,0,0,0,2,0,1
Abhijeet Dharmapurikar,18,0,0,45,5,1,1
Julius Werner,28,2,0,28,0,16,0
Oleg Drokin,485,2,0,775,34,781,4
Michael Thalmeier,16,0,0,19,0,0,0
Vegard Nossum,174,15,0,186,15,11,53
Juliana Rodrigues,31,0,0,31,0,0,0
Dimitri Sivanich,52,0,0,51,7,52,8
Hisashi Nakamura,20,1,0,22,0,0,0
Nithin Sujir,60,0,0,1,0,0,1
Ihar Hrachyshka,11,1,1,11,0,0,0
Jon Frisch,19,0,0,19,0,0,0
Vincent Abriou,54,0,0,57,10,25,0
Holger Brunck,25,0,0,30,1,0,3
Brian Austin,47,1,0,47,3,0,1
Andrey Vagin,64,13,1,47,2,0,6
Anton Bondarenko,15,1,0,17,0,0,0
Adheer Chandravanshi,38,0,0,40,0,0,0
Lorenzo Stoakes,31,0,0,31,11,0,0
Xishi Qiu,47,2,0,51,1,0,5
Benjamin LaHaise,78,0,0,114,4,0,6
Rahul Bedarkar,30,0,0,30,0,1,0
Mark Charlebois,11,0,0,24,0,26,0
Zefan Li,25,2,0,25,0,0,1
Kinglong Mee,212,16,0,212,1,7,9
Milo Kim,83,2,1,83,4,0,0
Dor Shaish,11,0,0,13,0,8,0
Maarten Maathuis,20,0,0,26,7,0,2
Dave Johnson,10,0,0,8,0,0,0
Alexander Alemayhu,14,0,0,14,1,0,3
Sergio Prado,11,0,0,11,0,0,1
Jarno Rajahalme,64,13,4,64,0,0,4
Kyle Huey,18,1,1,18,4,0,4
Juergen Beisert,41,0,0,48,4,0,1
Jon Medhurst,160,4,0,174,23,15,5
Irina Tirdea,98,0,0,110,3,3,0
Yongji Xie,12,0,0,12,0,0,2
Fu Wei,30,0,0,47,0,1,0
Arianna Avanzini,10,1,0,24,0,0,0
Don Skidmore,214,0,0,220,0,0,0
Jasmin J,30,0,0,0,0,0,0
Tyler Baker,22,1,0,22,13,0,6
Piotr Luc,14,0,0,14,0,0,0
Daeseok Youn,206,2,1,208,0,0,0
Liu Ying,81,3,3,82,1,0,2
Linda Knippers,10,0,0,10,2,1,7
Thanneeru Srinivasulu,10,0,0,11,0,0,0
Michal Nazarewicz,184,1,1,191,0,2,0
Andy Green,48,0,0,56,1,0,0
Kumar Gala,815,0,0,2051,1,4,1
Tsugikazu Shibata,13,0,0,8,0,0,0
Michal Sojka,17,1,0,19,1,0,3
Andrew Bresticker,137,0,0,162,9,34,1
